Date,Open,High,Low,Close,Adj. Close,Change,Volume
2018/3/23,25.52,25.52,24.101,24.101,24.101,-5.53%,204960
2018/3/26,24.35,24.85,24.35,24.84,24.84,3.07%,102408
2018/3/27,24.65,24.65,23.46,24.08,24.08,-3.06%,8522
2018/3/28,23.9,23.9,23.1,23.38,23.38,-2.91%,2202
2018/3/29,22.9,22.9,22.78,22.78,22.78,-2.57%,1089
2018/4/2,24.46,24.46,22.95,23,23,0.97%,1902
2018/4/3,22,22,21.25,21.25,21.25,-7.61%,2029
2018/4/4,20.5,20.5,19,19.25,19.25,-9.41%,75936
2018/4/5,20.25,20.439,20.2,20.25,20.25,5.19%,753
2018/4/6,20.03,20.45,20.03,20.45,20.45,0.99%,3056
2018/4/9,21.8,21.8,21.46,21.46,21.46,4.94%,221
2018/4/10,21.5,21.5,21.5,21.5,21.5,0.19%,300
2018/4/11,20.75,20.75,20.45,20.45,20.45,-4.88%,300
2018/4/12,21,22.58,21,22.25,22.25,8.80%,11545
2018/4/13,21.99,21.991,21.51,21.582,21.582,-3.00%,11473
2018/4/16,20.5,20.5,20.25,20.25,20.25,-6.17%,1410
2018/4/17,21.25,21.4,21.25,21.4,21.4,5.68%,586
2018/4/18,22.45,22.5,22.25,22.27,22.27,4.07%,3555
2018/4/19,21.5,21.82,21.5,21.81,21.81,-2.07%,6803
2018/4/20,22.317,22.5,22.28,22.5,22.5,3.16%,915
2018/4/23,22.7,22.7,22.7,22.7,22.7,0.89%,285
2018/4/24,22.75,22.92,22.75,22.79,22.79,0.40%,525
2018/4/25,22.75,22.75,22.75,22.75,22.75,-0.18%,175
2018/4/26,22,22,22,22,22,-3.30%,100
2018/4/27,21.5,21.75,21.5,21.75,21.75,-1.14%,245
2018/4/30,21.5,21.5,21.5,21.5,21.5,-1.15%,118
2018/5/1,21.75,22,21.75,21.76,21.76,1.21%,300
2018/5/2,22.3,22.53,22.25,22.5,22.5,3.40%,5448
2018/5/3,22.25,22.25,22.25,22.25,22.25,-1.11%,100
2018/5/4,23.25,23.25,23,23,23,3.37%,229
2018/5/7,23,23,23,23,23,0.00%,47
2018/5/8,22.75,23.5,22.74,23.5,23.5,2.17%,2400
2018/5/9,22.25,23.52,22.25,23.25,23.25,-1.06%,502
2018/5/10,22.75,22.75,22.75,22.75,22.75,-2.15%,232
2018/5/11,23.25,24,23.25,23.75,23.75,4.40%,4399
2018/5/14,23.25,23.25,23,23.01,23.01,-3.12%,420
2018/5/15,21.4,21.4,21.4,21.4,21.4,-7.00%,240
2018/5/16,21,21,21,21,21,-1.87%,100
2018/5/17,21,21,21,21,21,0.00%,20
2018/5/18,21,21,21,21,21,0.00%,2
2018/5/21,22.5,22.5,22.5,22.5,22.5,7.14%,258
2018/5/22,21.25,21.25,21,21,21,-6.67%,207
2018/5/23,20.5,20.5,20,20,20,-4.76%,912
2018/5/24,19.5,19.5,19.5,19.5,19.5,-2.50%,1100
2018/5/25,19.5,19.5,19.5,19.5,19.5,0.00%,0
2018/5/29,19.25,19.25,18.732,18.732,18.732,-3.94%,1100
2018/5/30,19.496,19.496,19.496,19.496,19.496,4.08%,100
2018/5/31,19.46,20.499,19.46,20.237,20.237,3.80%,600
2018/6/1,20.75,21,20.75,21,21,3.77%,200
2018/6/4,21.25,21.25,21.246,21.246,21.246,1.17%,480
2018/6/5,21.5,22.13,21.5,22.13,22.13,4.16%,600
2018/6/6,22.5,22.5,22,22,22,-0.59%,620
2018/6/7,22.01,22.01,21.916,21.97,21.97,-0.14%,1245
2018/6/8,21.97,21.97,21.97,21.97,21.97,0.00%,76
2018/6/11,21.97,21.97,21.97,21.97,21.97,0.00%,3
2018/6/12,22.19,22.19,22.19,22.19,22.19,1.00%,100
2018/6/13,22.477,22.477,22.07,22.254,22.254,0.29%,5529
2018/6/14,22.532,22.532,22.532,22.532,22.532,1.25%,100
2018/6/15,22.25,22.25,22.25,22.25,22.25,-1.25%,100
2018/6/18,22.25,22.25,22.25,22.25,22.25,0.00%,0
2018/6/19,21.35,21.35,21.3,21.3,21.3,-4.27%,434
2018/6/20,20.703,20.794,20.703,20.794,20.794,-2.38%,402
2018/6/21,21.395,21.4,21.395,21.4,21.4,2.91%,200
2018/6/22,21.4,21.4,21.4,21.4,21.4,0.00%,100
2018/6/25,21.4,21.4,21.4,21.4,21.4,0.00%,0
2018/6/26,21.4,21.4,21.4,21.4,21.4,0.00%,50
2018/6/27,21.04,21.04,21.04,21.04,21.04,-1.68%,100
2018/6/28,21.43,21.58,21.43,21.58,21.58,2.57%,3977
2018/6/29,22.04,22.04,22,22.04,22.04,2.13%,1423
2018/7/2,22.03,22.035,21.842,21.842,21.842,-0.90%,300
2018/7/3,21.995,21.995,21.995,21.995,21.995,0.70%,100
2018/7/5,22.25,22.25,22.25,22.25,22.25,1.16%,103
2018/7/6,22.64,22.67,22.585,22.67,22.67,1.89%,1000
2018/7/9,22.02,22.02,22.02,22.02,22.02,-2.87%,100
2018/7/10,22.3,22.3,22.2,22.23,22.23,0.95%,6600
2018/7/11,22.23,22.23,22.23,22.23,22.23,0.00%,0
2018/7/12,23,23.47,23,23.47,23.47,5.58%,301
2018/7/13,23.47,23.47,23.47,23.47,23.47,0.00%,61
2018/7/16,23.47,23.47,23.47,23.47,23.47,0.00%,124
2018/7/17,23.47,23.47,23.47,23.47,23.47,0.00%,0
2018/7/18,23.01,23.01,23.01,23.01,23.01,-1.96%,100
2018/7/19,23.01,23.01,23.01,23.01,23.01,0.00%,102
2018/7/20,24.1,24.1,24.1,24.1,24.1,4.74%,300
2018/7/23,24.29,24.716,24.29,24.594,24.594,2.05%,975
2018/7/24,24.814,24.814,24.54,24.54,24.54,-0.22%,4130
2018/7/25,24.64,24.64,24.64,24.64,24.64,0.41%,200
2018/7/26,24.5,24.5,24.5,24.5,24.5,-0.57%,251
2018/7/27,24.302,24.302,24.302,24.302,24.302,-0.81%,250
2018/7/30,24.602,24.602,24.6,24.6,24.6,1.23%,200
2018/7/31,24.6,24.6,24.6,24.6,24.6,0.00%,76
2018/8/1,24.699,24.917,24.669,24.669,24.669,0.28%,512
2018/8/2,24.85,24.85,24.85,24.85,24.85,0.73%,150
2018/8/3,25.261,25.261,25.261,25.261,25.261,1.65%,200
2018/8/6,24.82,24.82,24.802,24.802,24.802,-1.82%,300
2018/8/7,24.802,24.802,24.802,24.802,24.802,0.00%,0
2018/8/8,24.802,24.802,24.802,24.802,24.802,0.00%,0
2018/8/9,24.802,24.802,24.802,24.802,24.802,0.00%,0
2018/8/10,24.83,24.83,24.83,24.83,24.83,0.11%,100
2018/8/13,25.37,25.37,25.37,25.37,25.37,2.17%,205
2018/8/14,25.113,25.2,25.113,25.2,25.2,-0.67%,322
2018/8/15,25.235,25.235,25.235,25.235,25.235,0.14%,300
2018/8/16,25.235,25.235,25.235,25.235,25.235,0.00%,0
2018/8/17,25.235,25.235,25.235,25.235,25.235,0.00%,0
2018/8/20,25.47,25.47,25.47,25.47,25.47,0.93%,157
2018/8/21,25.58,25.6,25.58,25.58,25.58,0.43%,408
2018/8/22,25.599,25.599,25.569,25.569,25.569,-0.04%,226
2018/8/23,25.374,25.45,25.374,25.45,25.45,-0.47%,329
2018/8/24,25.435,25.435,25.435,25.435,25.435,-0.06%,200
2018/8/27,25.435,25.435,25.435,25.435,25.435,0.00%,10
2018/8/28,25.435,25.435,25.435,25.435,25.435,0.00%,50
2018/8/29,25.435,25.435,25.435,25.435,25.435,0.00%,40
2018/8/30,25.435,25.435,25.435,25.435,25.435,0.00%,0
2018/8/31,25.435,25.435,25.435,25.435,25.435,0.00%,0
2018/9/4,24.56,24.56,24.56,24.56,24.56,-3.44%,200
2018/9/5,24.56,24.56,24.56,24.56,24.56,0.00%,75
2018/9/6,24.56,24.56,24.56,24.56,24.56,0.00%,0
2018/9/7,24.56,24.56,24.56,24.56,24.56,0.00%,0
2018/9/10,24.56,24.56,24.56,24.56,24.56,0.00%,0
2018/9/11,23.42,23.42,23.42,23.42,23.42,-4.64%,4350
2018/9/12,22.64,22.83,22.64,22.8,22.8,-2.65%,1704
2018/9/13,23.06,23.06,23.05,23.05,23.05,1.10%,300
2018/9/14,22.7,22.7,22.7,22.7,22.7,-1.52%,101
2018/9/17,22.7,22.7,22.7,22.7,22.7,0.00%,0
2018/9/18,22.7,22.7,22.7,22.7,22.7,0.00%,0
2018/9/19,22.54,22.54,22.28,22.28,22.28,-1.85%,200
2018/9/20,22.16,22.16,22.04,22.14,22.14,-0.63%,550
2018/9/21,22.735,22.735,22.735,22.735,22.735,2.69%,150
2018/9/24,22.95,22.95,22.95,22.95,22.95,0.95%,100
2018/9/25,22.46,22.536,22.46,22.536,22.536,-1.80%,340
2018/9/26,22.63,22.88,22.62,22.88,22.88,1.53%,999
2018/9/27,22.88,22.88,22.88,22.88,22.88,0.00%,0
2018/9/28,22.94,22.94,22.94,22.94,22.94,0.26%,220
2018/10/1,22.94,22.94,22.94,22.94,22.94,0.00%,0
2018/10/2,22.94,22.94,22.94,22.94,22.94,0.00%,90
2018/10/3,22.94,22.94,22.94,22.94,22.94,0.00%,0
2018/10/4,22.94,22.94,22.94,22.94,22.94,0.00%,0
2018/10/5,21.825,21.825,21.825,21.825,21.825,-4.86%,100
2018/10/8,21.825,21.825,21.825,21.825,21.825,0.00%,0
2018/10/9,21.36,21.36,21.327,21.327,21.327,-2.28%,705
2018/10/10,21.327,21.327,21.327,21.327,21.327,0.00%,26
2018/10/11,22.41,22.41,22.41,22.41,22.41,5.08%,100
2018/10/12,23.2,23.2,22.95,23.15,23.15,3.30%,1153
2018/10/15,22.65,22.65,22.65,22.65,22.65,-2.16%,200
2018/10/16,22.65,22.65,22.65,22.65,22.65,0.00%,0
2018/10/17,22.26,22.26,22.26,22.26,22.26,-1.72%,150
2018/10/18,22.26,22.26,22.26,22.26,22.26,0.00%,0
2018/10/19,22.18,22.21,22.18,22.21,22.21,-0.22%,300
2018/10/22,22.37,22.37,22.37,22.37,22.37,0.72%,200
2018/10/23,22.37,22.37,22.37,22.37,22.37,0.00%,5
2018/10/24,21.375,21.375,21.375,21.375,21.375,-4.45%,200
2018/10/25,21.375,21.375,21.375,21.375,21.375,0.00%,0
2018/10/26,21.375,21.375,21.375,21.375,21.375,0.00%,0
2018/10/29,21.375,21.375,21.375,21.375,21.375,0.00%,0
2018/10/30,21.375,21.375,21.375,21.375,21.375,0.00%,0
2018/10/31,21.375,21.375,21.375,21.375,21.375,0.00%,0
2018/11/1,21.375,21.375,21.375,21.375,21.375,0.00%,0
2018/11/2,21.375,21.375,21.375,21.375,21.375,0.00%,10
2018/11/5,18.969,18.969,18.83,18.83,18.83,-11.91%,361
2018/11/6,18.289,18.289,18.01,18.01,18.01,-4.35%,3713
2018/11/7,17.1,17.36,16.84,17.36,17.36,-3.61%,3050
2018/11/8,17.15,17.15,17.1,17.1,17.1,-1.50%,1000
2018/11/9,16.01,16.07,16.01,16.07,16.07,-6.02%,682
2018/11/12,17.01,17.1,16.63,16.63,16.63,3.48%,6588
2018/11/13,16.63,16.63,16.63,16.63,16.63,0.00%,0
2018/11/14,14.73,14.73,14.45,14.661,14.661,-11.84%,11771
2018/11/15,16.054,16.054,16.02,16.02,16.02,9.27%,200
2018/11/16,15.89,15.89,15.89,15.89,15.89,-0.81%,681
2018/11/19,15.811,15.903,15.76,15.903,15.903,0.08%,601
2018/11/20,15.04,15.04,15.04,15.04,15.04,-5.43%,500
2018/11/21,15.35,15.554,15.35,15.554,15.554,3.42%,201
2018/11/23,16.75,16.75,16.75,16.75,16.75,7.69%,100
2018/11/26,17.98,17.98,17.98,17.98,17.98,7.34%,250
2018/11/27,18.15,18.52,18.15,18.52,18.52,3.00%,300
2018/11/28,17.319,17.319,17.05,17.06,17.06,-7.88%,800
2018/11/29,16.39,16.39,16.39,16.39,16.39,-3.93%,100
2018/11/30,16.402,16.402,16.402,16.402,16.402,0.07%,237
2018/12/3,17.65,17.65,17.65,17.65,17.65,7.61%,100
2018/12/4,18.245,18.54,18.072,18.54,18.54,5.04%,2759
2018/12/6,18.54,18.54,18.54,18.54,18.54,0.00%,4
2018/12/7,18.54,18.54,18.54,18.54,18.54,0.00%,0
2018/12/10,18.31,18.31,18.31,18.31,18.31,-1.24%,0
2018/12/11,17.84,18.05,17.84,18.05,18.05,-1.42%,125
2018/12/12,17.81,18.145,17.81,18.145,18.145,0.53%,100
2018/12/13,18.34,18.34,17.97,18.21,18.21,0.36%,200
2018/12/14,18.805,18.805,18.805,18.805,18.805,3.27%,0
2018/12/17,18.502,18.615,18.5,18.615,18.615,-1.01%,1170
2018/12/18,18.57,18.57,18.57,18.57,18.57,-0.24%,0
2018/12/19,17.92,17.92,17.92,17.92,17.92,-3.50%,0
2018/12/20,17.39,17.39,17.39,17.39,17.39,-2.96%,0
2018/12/21,17.51,17.51,17.51,17.51,17.51,0.69%,0
2018/12/24,17.66,17.89,17.66,17.89,17.89,2.17%,100
2018/12/26,17.42,17.42,17.42,17.42,17.42,-2.63%,1
2018/12/27,17.65,17.885,17.65,17.885,17.885,2.67%,100
2018/12/28,17.98,18.17,17.98,18.17,18.17,1.59%,552
2018/12/31,18.375,18.375,18.375,18.375,18.375,1.13%,0
2019/1/2,18.46,18.49,18.46,18.49,18.49,0.63%,100
2019/1/3,17.9,17.9,17.9,17.9,17.9,-3.19%,0
2019/1/4,18.09,18.09,17.92,17.92,17.92,0.11%,200
2019/1/7,17.885,17.885,17.885,17.885,17.885,-0.20%,0
2019/1/8,17.885,17.885,17.885,17.885,17.885,0.00%,0
2019/1/9,17.885,17.885,17.885,17.885,17.885,0.00%,0
2019/1/10,17.263,17.263,17.11,17.11,17.11,-4.33%,107
2019/1/11,17.29,17.29,17.29,17.29,17.29,1.05%,0
2019/1/14,17.135,17.135,17.135,17.135,17.135,-0.90%,100
2019/1/15,16.865,16.865,16.865,16.865,16.865,-1.58%,0
2019/1/16,16.81,16.81,16.665,16.665,16.665,-1.19%,100
2019/1/17,17.06,17.06,17.06,17.06,17.06,2.37%,1
2019/1/18,17.061,17.27,17.061,17.27,17.27,1.23%,300
2019/1/22,15.683,15.683,15.605,15.605,15.605,-9.64%,275
2019/1/23,15.757,15.757,15.757,15.757,15.757,0.97%,0
2019/1/24,15.265,15.265,15.265,15.265,15.265,-3.12%,35
2019/1/25,15.2,15.2,15.095,15.095,15.095,-1.11%,132
2019/1/28,13.17,13.435,13,13.435,13.435,-11.00%,4568
2019/1/29,13.75,13.75,12.555,12.555,12.555,-6.55%,9349
2019/1/30,11.899,12.25,11.68,12.215,12.215,-2.71%,3297
2019/1/31,12.25,12.25,12.175,12.175,12.175,-0.33%,905
2019/2/1,12.86,12.86,12.86,12.86,12.86,5.63%,95
2019/2/4,12.58,12.58,12.52,12.52,12.52,-2.64%,1353
2019/2/5,12.63,12.63,12.2,12.377,12.377,-1.14%,2035
2019/2/6,11.89,11.89,11.75,11.75,11.75,-5.07%,1548
2019/2/7,11.22,11.22,10.76,10.87,10.87,-7.49%,1730
2019/2/8,11.02,11.02,11.02,11.02,11.02,1.38%,200
2019/2/11,11.395,11.4,11.18,11.4,11.4,3.45%,9304
2019/2/12,11.59,11.67,11.58,11.67,11.67,2.37%,1111
2019/2/13,11.74,11.75,11.635,11.635,11.635,-0.30%,1435
2019/2/14,11.24,11.24,11.085,11.085,11.085,-4.73%,380
2019/2/15,11.01,11.2,10.791,11.19,11.19,0.95%,10540
2019/2/19,10.98,11.09,10.98,10.99,10.99,-1.79%,1564
2019/2/20,10.73,11.1,10.73,10.89,10.89,-0.91%,95975
2019/2/21,10.65,10.695,10.65,10.695,10.695,-1.79%,668
2019/2/22,10.886,10.935,10.886,10.925,10.925,2.15%,1550
2019/2/25,11.015,11.13,11.015,11.09,11.09,1.51%,5800
2019/2/26,11.14,11.29,11.14,11.155,11.155,0.59%,7382
2019/2/27,11.14,11.17,11.072,11.1,11.1,-0.49%,6894
2019/2/28,11.07,11.07,11.02,11.04,11.04,-0.54%,4827
2019/3/1,10.82,10.82,10.71,10.71,10.71,-2.99%,4175
2019/3/4,10.52,10.645,10.52,10.614,10.614,-0.90%,1488
2019/3/5,10.25,10.36,10.244,10.25,10.25,-3.43%,7683
2019/3/6,10.05,10.05,9.869,9.912,9.912,-3.30%,16365
2019/3/7,9.65,9.65,9.522,9.555,9.555,-3.60%,7078
2019/3/8,9.62,9.768,9.574,9.574,9.574,0.20%,2000
2019/3/11,9.57,9.6,9.57,9.6,9.6,0.27%,600
2019/3/12,9.85,10.02,9.85,9.992,9.992,4.08%,53499
2019/3/13,10.05,10.09,10.05,10.09,10.09,0.98%,20020
2019/3/14,10.76,11.02,10.72,11.02,11.02,9.22%,3362
2019/3/15,10.98,11.03,10.965,10.965,10.965,-0.50%,8650
2019/3/18,10.47,10.48,10.28,10.28,10.28,-6.25%,8833
2019/3/19,10.109,10.12,9.77,9.983,9.983,-2.89%,35887
2019/3/20,10.883,10.917,10.588,10.632,10.632,6.50%,2072
2019/3/21,10.33,10.355,10.33,10.355,10.355,-2.61%,1870
2019/3/22,10.44,10.443,10.44,10.443,10.443,0.85%,10005
2019/3/25,10.41,10.435,10.41,10.435,10.435,-0.08%,100
2019/3/26,10.08,10.08,9.973,9.973,9.973,-4.43%,2139
2019/3/27,10.1,10.1,9.974,9.974,9.974,0.01%,490
2019/3/28,10.016,10.045,10.016,10.045,10.045,0.71%,401
2019/3/29,9.396,9.457,9.32,9.359,9.359,-6.83%,7952
2019/4/1,9.39,9.39,9.3,9.3,9.3,-0.63%,300
2019/4/2,9.46,9.46,9.435,9.435,9.435,1.45%,895
2019/4/3,9.33,9.56,9.29,9.56,9.56,1.32%,1000
2019/4/4,9.59,9.6,9.43,9.43,9.43,-1.36%,3557
2019/4/5,9.64,9.65,9.49,9.545,9.545,1.22%,4630
2019/4/8,9.65,9.655,9.58,9.655,9.655,1.15%,707
2019/4/9,9.8,9.84,9.8,9.84,9.84,1.92%,100
2019/4/10,9.68,9.705,9.67,9.705,9.705,-1.37%,912
2019/4/11,9.21,9.35,9.2,9.255,9.255,-4.64%,6287
2019/4/12,9.613,9.665,9.61,9.665,9.665,4.43%,811
2019/4/15,10,10.14,10,10.131,10.131,4.82%,3700
2019/4/16,10.16,10.16,10,10.074,10.074,-0.56%,3016
2019/4/17,10.375,10.435,10.245,10.435,10.435,3.58%,4319
2019/4/18,10.688,10.82,10.66,10.725,10.725,2.78%,17839
2019/4/22,10.782,10.81,10.756,10.77,10.77,0.42%,6049
2019/4/23,11.02,11.15,10.96,11.088,11.088,2.95%,6134
2019/4/24,11.104,11.13,11,11,11,-0.79%,2257
2019/4/25,11.128,11.128,10.98,11.055,11.055,0.50%,366
2019/4/26,11.413,11.46,11.32,11.406,11.406,3.18%,2492
2019/4/29,11.95,12.01,11.844,12.01,12.01,5.30%,3016
2019/4/30,12.379,12.4,12.291,12.385,12.385,3.12%,3276
2019/5/1,12.341,12.38,12.23,12.251,12.251,-1.08%,1647
2019/5/2,12.25,12.35,12.22,12.282,12.282,0.25%,5653
2019/5/3,12.22,12.251,12.22,12.251,12.251,-0.25%,3331
2019/5/6,11.31,11.31,11.15,11.215,11.215,-8.46%,6158
2019/5/7,11.22,11.22,11,11.105,11.105,-0.98%,960
2019/5/8,11.694,11.79,11.59,11.79,11.79,6.17%,4061
2019/5/9,11.829,11.845,11.796,11.845,11.845,0.47%,1405
2019/5/10,12.18,12.25,12.15,12.25,12.25,3.42%,4168
2019/5/13,12.41,12.41,12.115,12.115,12.115,-1.10%,3009
2019/5/14,12.152,12.185,12.152,12.185,12.185,0.58%,773
2019/5/15,11.92,11.92,11.8,11.8,11.8,-3.16%,1257
2019/5/16,11.874,11.89,11.835,11.835,11.835,0.30%,220
2019/5/17,12.025,12.025,11.9,12.025,12.025,1.61%,4576
2019/5/20,11.98,11.98,11.75,11.835,11.835,-1.58%,11093
2019/5/21,12.04,12.04,11.951,11.965,11.965,1.10%,1323
2019/5/22,12.073,12.073,12.042,12.045,12.045,0.67%,641
2019/5/23,12.08,12.235,12.08,12.235,12.235,1.58%,932
2019/5/24,12.291,12.293,12.14,12.205,12.205,-0.25%,1543
2019/5/28,12.52,12.53,12.365,12.365,12.365,1.31%,1668
2019/5/29,12.414,12.52,12.395,12.516,12.516,1.22%,2322
2019/5/30,12.251,12.26,12.18,12.18,12.18,-2.68%,1028
2019/5/31,12.275,12.275,12.21,12.25,12.25,0.57%,1007
2019/6/3,12.27,12.445,12.21,12.445,12.445,1.59%,1637
2019/6/4,12.65,12.65,12.49,12.49,12.49,0.36%,880
2019/6/5,12.6,12.6,12.497,12.5,12.5,0.08%,671
2019/6/6,12.47,12.47,12.425,12.425,12.425,-0.60%,300
2019/6/7,12.35,12.35,12.23,12.295,12.295,-1.05%,2420
2019/6/10,12.15,12.15,12.01,12.085,12.085,-1.71%,1771
2019/6/11,12.096,12.096,11.932,12.01,12.01,-0.62%,604
2019/6/12,11.86,11.86,11.86,11.86,11.86,-1.25%,0
2019/6/13,11.91,12.109,11.91,12.085,12.085,1.90%,3753
2019/6/14,12.321,12.385,12.321,12.385,12.385,2.48%,1515
2019/6/17,12.406,12.406,12.31,12.37,12.37,-0.12%,558
2019/6/18,12.47,12.47,12.38,12.385,12.385,0.12%,510
2019/6/19,12.508,12.508,12.445,12.445,12.445,0.48%,225
2019/6/20,12.405,12.405,12.405,12.405,12.405,-0.32%,0
2019/6/21,12.607,12.69,12.599,12.69,12.69,2.30%,1455
2019/6/24,12.77,12.96,12.75,12.96,12.96,2.13%,1359
2019/6/25,12.84,13.005,12.84,13.005,13.005,0.35%,2075
2019/6/26,13.063,13.063,12.995,12.995,12.995,-0.08%,800
2019/6/27,13.006,13.006,12.93,12.93,12.93,-0.50%,100
2019/6/28,12.925,13.15,12.908,13.15,13.15,1.70%,1096
2019/7/1,13.35,13.44,13.35,13.42,13.42,2.05%,4946
2019/7/2,14.28,14.336,14.22,14.302,14.302,6.57%,8200
2019/7/3,14.95,15.1,14.95,15.02,15.02,5.02%,5184
2019/7/5,15.04,15.105,14.9,14.9,14.9,-0.80%,100752
2019/7/8,14.53,15.139,14.34,15.066,15.066,1.11%,8692
2019/7/9,15.6,15.84,15.6,15.775,15.775,4.71%,9614
2019/7/10,15.45,15.78,15.223,15.78,15.78,0.03%,4675
2019/7/11,16.15,16.35,16.14,16.305,16.305,3.33%,4082
2019/7/12,16.56,16.605,16.5,16.605,16.605,1.84%,11074
2019/7/15,16.99,17.18,16.869,17.125,17.125,3.13%,17643
2019/7/16,17.12,17.12,16.507,16.575,16.575,-3.21%,11752
2019/7/17,16.98,17.01,16.79,16.975,16.975,2.41%,3163
2019/7/18,17.12,17.25,17.12,17.195,17.195,1.30%,52241
2019/7/19,17.27,17.565,17.27,17.565,17.565,2.15%,20174
2019/7/22,17.77,18,17.77,17.988,17.988,2.41%,6891
2019/7/23,17.37,17.37,16.98,17.065,17.065,-5.13%,18062
2019/7/24,16.25,16.52,16.14,16.35,16.35,-4.19%,35016
2019/7/25,16.86,16.917,16.6,16.9,16.9,3.36%,11046
2019/7/26,16.757,16.757,16.5,16.595,16.595,-1.80%,43349
2019/7/29,16.171,16.466,16.128,16.39,16.39,-1.24%,2511
2019/7/30,16.163,16.286,16.15,16.19,16.19,-1.22%,2833
2019/7/31,16.26,16.26,16.01,16.12,16.12,-0.43%,1213
2019/8/1,15.989,15.989,15.935,15.935,15.935,-1.15%,2267
2019/8/2,15.464,15.575,15.464,15.575,15.575,-2.26%,1032
2019/8/5,14.84,14.86,14.62,14.68,14.68,-5.75%,17937
2019/8/6,15.02,15.87,15.02,15.75,15.75,7.29%,8223
2019/8/7,15.524,15.58,15.524,15.58,15.58,-1.08%,623
2019/8/8,15.99,16.145,15.98,16.145,16.145,3.63%,759
2019/8/9,16.936,17.09,16.78,17.08,17.08,5.79%,1439
2019/8/12,17.09,17.1,17.07,17.071,17.071,-0.05%,2000
2019/8/13,18.054,18.054,17.894,17.92,17.92,4.97%,30369
2019/8/14,18.32,18.53,18.193,18.399,18.399,2.67%,5456
2019/8/15,18.57,18.57,18.11,18.321,18.321,-0.42%,18344
2019/8/16,18.304,18.331,18.185,18.185,18.185,-0.74%,3019
2019/8/19,17.604,17.788,17.59,17.75,17.75,-2.39%,3768
2019/8/20,17.885,18.095,17.885,18.095,18.095,1.94%,1874
2019/8/21,18.501,18.955,18.501,18.925,18.925,4.59%,6291
2019/8/22,19.63,19.64,19.433,19.46,19.46,2.83%,2875
2019/8/23,19.389,19.71,19.328,19.531,19.531,0.36%,5052
2019/8/26,19.607,19.63,19.515,19.55,19.55,0.10%,3991
2019/8/27,20.24,20.63,20.24,20.44,20.44,4.55%,6419
2019/8/28,20.43,20.51,20.41,20.41,20.41,-0.15%,3649
2019/8/29,20.336,20.568,20.19,20.405,20.405,-0.02%,3833
2019/8/30,21.29,21.36,21.07,21.156,21.156,3.68%,5673
2019/9/3,22.11,22.11,21.404,21.59,21.59,2.05%,33600
2019/9/4,21.21,21.41,20.9,21.003,21.003,-2.72%,11933
2019/9/5,20.85,20.85,20.46,20.59,20.59,-1.97%,19400
2019/9/6,20.53,20.589,20.11,20.45,20.45,-0.68%,31000
2019/9/9,20.39,20.39,20.19,20.19,20.19,-1.27%,2131
2019/9/10,20.46,20.47,20.2,20.338,20.338,0.73%,2200
2019/9/11,20.507,20.811,20.448,20.805,20.805,2.30%,2400
2019/9/12,20.87,21.229,20.86,21.195,21.195,1.87%,16931
2019/9/13,21.25,21.3,21.115,21.115,21.115,-0.38%,900
2019/9/16,21.25,21.299,20.92,21.27,21.27,0.73%,10058
2019/9/17,20.94,20.94,20.31,20.41,20.41,-4.04%,10436
2019/9/18,19.76,19.909,19.65,19.65,19.65,-3.72%,8600
2019/9/19,19.41,19.515,19.18,19.515,19.515,-0.69%,3729
2019/9/20,20.1,20.1,19.963,20.01,20.01,2.54%,6292
2019/9/23,20.7,20.99,20.5,20.86,20.86,4.25%,6246
2019/9/24,21.27,21.27,20.5,20.571,20.571,-1.39%,4321
2019/9/25,20.17,20.17,19.52,19.52,19.52,-5.11%,2402
2019/9/26,19.16,19.16,18.668,18.715,18.715,-4.12%,9155
2019/9/27,18.89,18.925,18.806,18.925,18.925,1.12%,3541
2019/9/30,19.61,19.76,19.6,19.71,19.71,4.15%,5374
2019/10/1,19.83,19.875,19.83,19.875,19.875,0.84%,325
2019/10/2,20.14,20.19,20.116,20.116,20.116,1.21%,1301
2019/10/3,19.379,19.419,19.365,19.374,19.374,-3.69%,2280
2019/10/4,20.442,20.442,20.247,20.405,20.405,5.32%,1401
2019/10/7,20.553,20.72,20.458,20.64,20.64,1.15%,8165
2019/10/8,21.25,21.535,21.24,21.49,21.49,4.12%,2548
2019/10/9,22,22.186,21.72,21.912,21.912,1.96%,9174
2019/10/10,21.788,21.8,21.495,21.495,21.495,-1.90%,1148
2019/10/11,21.332,21.332,20.7,21.195,21.195,-1.40%,2436
2019/10/14,20.89,20.93,20.63,20.91,20.91,-1.34%,3026
2019/10/15,20.561,20.99,20.561,20.885,20.885,-0.12%,4730
2019/10/16,20.53,20.53,20.075,20.075,20.075,-3.88%,3279
2019/10/17,20.125,20.2,20.05,20.2,20.2,0.62%,1200
2019/10/18,20.61,20.61,20.415,20.48,20.48,1.39%,1800
2019/10/21,20.06,20.06,19.41,19.49,19.49,-4.83%,8636
2019/10/22,19.03,19.059,19.03,19.055,19.055,-2.23%,285
2019/10/23,18.97,19.295,18.97,19.295,19.295,1.26%,2617
2019/10/24,19.932,19.95,19.84,19.84,19.84,2.82%,305
2019/10/25,19.815,19.815,19.815,19.815,19.815,-0.13%,142
2019/10/28,20,20,19.785,19.785,19.785,-0.15%,207
2019/10/29,19.36,19.457,19.36,19.42,19.42,-1.84%,1400
2019/10/30,19.09,19.09,18.48,18.545,18.545,-4.51%,2589
2019/10/31,18.04,18.06,18.019,18.03,18.03,-2.78%,4050
2019/11/1,18.05,18.169,18.03,18.12,18.12,0.50%,3096
2019/11/4,18.501,18.6,18.05,18.05,18.05,-0.39%,2801
2019/11/5,17.87,17.87,17.6,17.6,17.6,-2.49%,588
2019/11/6,16.64,16.94,16.41,16.775,16.775,-4.69%,21327
2019/11/7,16.42,16.42,15.861,16.3,16.3,-2.83%,4011
2019/11/8,16.3,16.3,16.167,16.245,16.245,-0.34%,419
2019/11/11,16.63,16.736,16.545,16.545,16.545,1.85%,294
2019/11/12,16.975,16.975,16.975,16.975,16.975,2.60%,48
2019/11/13,16.87,16.925,16.62,16.71,16.71,-1.56%,1287
2019/11/14,16.46,16.585,16.46,16.585,16.585,-0.75%,9393
2019/11/15,16.789,16.789,16.775,16.775,16.775,1.15%,4062
2019/11/18,16.77,16.93,16.585,16.585,16.585,-1.13%,1359
2019/11/19,16.355,16.355,16.355,16.355,16.355,-1.39%,0
2019/11/20,16.409,16.53,16.39,16.53,16.53,1.07%,1327
2019/11/21,16.53,16.675,16.53,16.675,16.675,0.88%,5498
2019/11/22,17.095,17.095,17.095,17.095,17.095,2.52%,174
2019/11/25,17.92,17.92,17.805,17.805,17.805,4.15%,1050
2019/11/26,18.45,18.45,18.34,18.362,18.362,3.13%,8496
2019/11/27,18.1,18.1,18.055,18.055,18.055,-1.67%,308
2019/11/29,18.21,18.34,18.21,18.33,18.33,1.52%,1925
2019/12/2,19.056,19.1,19.048,19.055,19.055,3.96%,472
2019/12/3,18.35,18.35,18.2,18.315,18.315,-3.88%,816
2019/12/4,17.81,18.08,17.8,17.975,17.975,-1.86%,1422
2019/12/5,17.89,17.89,17.89,17.89,17.89,-0.47%,20
2019/12/6,18.14,18.205,18.13,18.205,18.205,1.76%,438
2019/12/9,17.98,17.98,17.83,17.9,17.9,-1.68%,430
2019/12/10,17.6,17.77,17.51,17.74,17.74,-0.89%,4573
2019/12/11,17.4,17.4,17.16,17.335,17.335,-2.28%,2546
2019/12/12,16.722,16.84,16.722,16.84,16.84,-2.86%,576
2019/12/13,16.84,16.995,16.84,16.995,16.995,0.92%,963
2019/12/16,16.5,16.675,16.48,16.675,16.675,-1.88%,2108
2019/12/17,16.198,16.198,16.12,16.12,16.12,-3.33%,651
2019/12/18,15.75,15.75,15.52,15.685,15.685,-2.70%,791
2019/12/19,15.36,15.44,15.325,15.325,15.325,-2.30%,11554
2019/12/20,15.15,15.255,15.15,15.225,15.225,-0.65%,1085
2019/12/23,15.23,15.335,15.23,15.335,15.335,0.72%,322
2019/12/24,15.345,15.345,15.345,15.345,15.345,0.07%,100
2019/12/26,15.374,15.374,15.374,15.374,15.374,0.19%,160
2019/12/27,15.29,15.29,15.29,15.29,15.29,-0.55%,143
2019/12/30,15.1,15.1,15.098,15.1,15.1,-1.24%,1210
2019/12/31,15.11,15.45,15.11,15.45,15.45,2.32%,457
2020/1/2,14.95,14.95,13.861,13.961,13.961,-9.64%,3966
2020/1/3,12.99,13.05,12.981,13.05,13.05,-6.53%,8235
2020/1/6,11.9,11.94,11.9,11.92,11.92,-8.66%,3858
2020/1/7,11.99,11.99,11.895,11.895,11.895,-0.21%,3237
2020/1/8,13.305,13.76,13.2,13.655,13.655,14.80%,7670
2020/1/9,13.15,13.36,13.15,13.31,13.31,-2.53%,3001
2020/1/10,13.81,13.85,13.75,13.845,13.845,4.02%,2966
2020/1/13,12.98,13.024,12.75,12.995,12.995,-6.14%,7020
2020/1/14,13.31,13.76,13,13.665,13.665,5.16%,8678
2020/1/15,13.61,13.66,13.35,13.35,13.35,-2.31%,9055
2020/1/16,13.01,13.01,12.62,12.63,12.63,-5.39%,5919
2020/1/17,12.39,12.39,12.01,12.105,12.105,-4.16%,9193
2020/1/21,11.5,11.5,11.17,11.37,11.37,-6.07%,18765
2020/1/22,10.91,11.09,10.85,11.032,11.032,-2.97%,30035
2020/1/23,11.03,11.09,11.03,11.045,11.045,0.12%,21815
2020/1/24,11.21,11.23,11.03,11.135,11.135,0.81%,12277
2020/1/27,10.55,10.555,10.35,10.44,10.44,-6.24%,33754
2020/1/28,10.58,10.62,10.22,10.28,10.28,-1.53%,47469
2020/1/29,10.17,10.17,10.05,10.085,10.085,-1.90%,11424
2020/1/30,10.04,10.04,9.5,9.55,9.55,-5.30%,48692
2020/1/31,9.85,9.907,9.53,9.82,9.82,2.83%,18731
2020/2/3,9.84,10.24,9.12,9.293,9.293,-5.37%,47918
2020/2/4,9.21,9.5,9.2,9.35,9.35,0.61%,44673
2020/2/5,9.4,9.67,9.4,9.55,9.55,2.14%,40268
2020/2/6,9.49,10.04,9.25,9.45,9.45,-1.05%,173243
2020/2/7,9.25,9.29,9.19,9.225,9.225,-2.38%,54084
2020/2/10,9.25,9.25,8.632,8.8,8.8,-4.61%,81197
2020/2/11,9.1,9.42,9.1,9.3,9.3,5.68%,64981
2020/2/12,9.47,10.02,9.4,9.4,9.4,1.08%,155677
2020/2/13,9.09,9.228,9.07,9.14,9.14,-2.77%,63653
2020/2/14,9.16,9.3,9.13,9.225,9.225,0.93%,109222
2020/2/18,9.24,9.38,9.14,9.27,9.27,0.49%,259531
2020/2/19,9.25,9.34,9.1,9.1,9.1,-1.83%,280261
2020/2/20,9.12,9.14,9.03,9.03,9.03,-0.77%,150761
2020/2/21,9.01,9.1,8.88,9.01,9.01,-0.22%,104852
2020/2/24,8.7,8.7,8.37,8.37,8.37,-7.10%,118588
2020/2/25,8.15,8.29,8.1,8.22,8.22,-1.79%,87882
2020/2/26,8.26,8.28,8.15,8.18,8.18,-0.49%,124308
2020/2/27,8.3,8.36,8.2,8.3,8.3,1.47%,153093
2020/2/28,8.35,8.35,8.136,8.19,8.19,-1.33%,211615
2020/3/2,8.09,8.09,7.7,7.91,7.91,-3.42%,148018
2020/3/3,8.13,8.14,8.03,8.1,8.1,2.40%,44510
2020/3/4,8.25,8.35,8.18,8.31,8.31,2.59%,138748
2020/3/5,8.51,8.66,8.363,8.37,8.37,0.72%,92829
2020/3/6,8.45,8.45,8.2,8.25,8.25,-1.43%,81176
2020/3/9,7.74,7.79,7.41,7.5,7.5,-9.09%,74706
2020/3/10,7.87,7.93,7.7,7.81,7.81,4.13%,40096
2020/3/11,7.5,7.62,7.467,7.5,7.5,-3.97%,61974
2020/3/12,7.23,7.23,6.87,6.91,6.91,-7.87%,118494
2020/3/13,7,7,6.78,6.84,6.84,-1.01%,178130
2020/3/16,6.51,6.51,6,6.1,6.1,-10.82%,102819
2020/3/17,6.2,6.21,6,6.06,6.06,-0.66%,63585
2020/3/18,6.1,6.1,5.12,5.39,5.39,-11.06%,193274
2020/3/19,5.24,5.89,5.17,5.56,5.56,3.15%,133841
2020/3/20,5.57,5.9,5.57,5.82,5.82,4.68%,31979
2020/3/23,5.53,5.78,5.41,5.74,5.74,-1.37%,22390
2020/3/24,5.9,5.9,5.32,5.37,5.37,-6.45%,57967
2020/3/25,5.25,5.25,5.01,5.03,5.03,-6.33%,61632
2020/3/26,5.06,5.47,5.01,5.39,5.39,7.16%,160757
2020/3/27,5.57,5.65,5.31,5.4,5.4,0.19%,94617
2020/3/30,5.4,5.86,5.4,5.805,5.805,7.50%,160279
2020/3/31,6.35,7.04,6.01,6.39,6.39,10.08%,305762
2020/4/1,6.39,6.5,6.26,6.29,6.29,-1.56%,61277
2020/4/2,6.73,6.73,6.21,6.38,6.38,1.43%,51166
2020/4/3,6.46,6.46,6.195,6.24,6.24,-2.19%,24601
2020/4/6,6.26,6.26,6.1,6.1,6.1,-2.24%,28572
2020/4/7,6.22,6.34,6.1,6.29,6.29,3.11%,44007
2020/4/8,6.52,6.94,6.5,6.87,6.87,9.22%,33365
2020/4/9,7.03,7.568,7.03,7.35,7.35,6.99%,218833
2020/4/13,7.35,7.44,7.2,7.32,7.32,-0.41%,95768
2020/4/14,7.32,7.33,7.14,7.23,7.23,-1.23%,104282
2020/4/15,7.25,7.4,7.235,7.25,7.25,0.28%,35968
2020/4/16,7.41,7.41,7.01,7.23,7.23,-0.28%,28721
2020/4/17,7.23,7.32,7,7.25,7.25,0.28%,48765
2020/4/20,7.1,7.17,6.8,6.81,6.81,-6.07%,585049
2020/4/21,6.51,6.51,6.15,6.15,6.15,-9.69%,198733
2020/4/22,6.11,6.27,6.03,6.15,6.15,0.00%,191450
2020/4/23,6.1,6.16,6,6.11,6.11,-0.65%,40577
2020/4/24,6.11,6.15,6.02,6.02,6.02,-1.47%,25581
2020/4/27,6,6.262,5.81,5.81,5.81,-3.49%,42243
2020/4/28,5.7,5.75,5.5,5.55,5.55,-4.48%,76610
2020/4/29,5.66,5.75,5.48,5.68,5.68,2.34%,133159
2020/4/30,5.65,5.68,5.443,5.54,5.54,-2.46%,76433
2020/5/1,5.3,5.5,5.3,5.35,5.35,-3.43%,45140
2020/5/4,5.36,5.36,5.05,5.1,5.1,-4.67%,75848
2020/5/5,5.05,5.05,4.714,4.79,4.79,-6.08%,145175
2020/5/6,4.8,4.8,4.4,4.45,4.45,-7.10%,188919
2020/5/7,4.55,4.61,4.45,4.58,4.58,2.92%,56585
2020/5/8,4.65,4.66,4.5,4.6,4.6,0.44%,119015
2020/5/11,4.35,4.48,4.285,4.43,4.43,-3.70%,161888
2020/5/12,4.36,4.36,4.12,4.13,4.13,-6.77%,99990
2020/5/13,3.96,4.06,3.75,3.91,3.91,-5.33%,873861
2020/5/14,3.95,4.1,3.95,4.013,4.013,2.63%,78192
2020/5/15,4.07,4.19,4.07,4.17,4.17,3.91%,131298
2020/5/18,4.66,4.79,4.4,4.59,4.59,10.07%,725965
2020/5/19,4.64,4.7,4.56,4.62,4.62,0.65%,425979
2020/5/20,4.85,5.15,4.7,4.91,4.91,6.28%,253297
2020/5/21,4.99,4.99,4.92,4.94,4.94,0.61%,256260
2020/5/22,4.85,4.93,4.7,4.88,4.88,-1.21%,45725
2020/5/26,4.6,4.9,4.6,4.8,4.8,-1.64%,110829
2020/5/27,4.74,4.8,4.53,4.65,4.65,-3.12%,365763
2020/5/28,4.58,4.74,4.55,4.55,4.55,-2.15%,100618
2020/5/29,4.68,4.68,4.62,4.65,4.65,2.20%,53179
2020/6/1,4.69,4.75,4.57,4.64,4.64,-0.22%,92422
2020/6/2,4.89,5,4.82,5,5,7.76%,324330
2020/6/3,5.08,5.1,4.96,5.03,5.03,0.60%,305064
2020/6/4,5.03,5.135,5,5.05,5.05,0.40%,144273
2020/6/5,5.44,5.5,5.24,5.45,5.45,7.92%,340260
2020/6/8,5.45,5.52,5.33,5.51,5.51,1.10%,207621
2020/6/9,5.08,5.42,5.08,5.27,5.27,-4.36%,284602
2020/6/10,5.36,5.873,5.36,5.78,5.78,9.68%,231198
2020/6/11,6.1,6.2,5.65,5.78,5.78,0.00%,506422
2020/6/12,6,6.36,6,6.36,6.36,10.03%,312211
2020/6/15,6.19,6.55,6.157,6.42,6.42,0.94%,332790
2020/6/16,6.99,7.46,6.99,7.22,7.22,12.46%,512852
2020/6/17,7.73,7.83,7.5,7.82,7.82,8.31%,724572
2020/6/18,7.8,7.87,7.23,7.26,7.26,-7.16%,503843
2020/6/19,7.35,7.4,7.17,7.275,7.275,0.21%,230548
2020/6/22,7.61,7.65,7.39,7.43,7.43,2.13%,267026
2020/6/23,7.87,8.24,7.85,8.18,8.18,10.09%,343265
2020/6/24,8,8,7.37,7.44,7.44,-9.05%,398317
2020/6/25,7.47,7.6,7.001,7.24,7.24,-2.69%,487506
2020/6/26,7.24,7.69,7.21,7.61,7.61,5.11%,228365
2020/6/29,7.51,7.7,7.51,7.56,7.56,-0.66%,210300
2020/6/30,7.43,7.45,7.25,7.39,7.39,-2.25%,168000
2020/7/1,7.27,7.46,7.17,7.2,7.2,-2.57%,286700
2020/7/2,7.73,8.18,7.63,8.05,8.05,11.81%,527100
2020/7/6,9.18,9.48,9.04,9.42,9.42,17.02%,609800
2020/7/7,8.95,9.03,8.6,8.93,8.93,-5.20%,374800
2020/7/8,8.6,9,8.27,9,9,0.78%,317200
2020/7/9,8.86,8.87,8.4,8.75,8.75,-2.78%,170300
2020/7/10,8.75,8.8,8.31,8.49,8.49,-2.97%,244000
2020/7/13,8.37,8.46,8.02,8.1,8.1,-4.59%,330000
2020/7/14,7.8,8,7.6,7.82,7.82,-3.46%,201100
2020/7/15,7.91,7.91,7.45,7.52,7.52,-3.84%,165500
2020/7/16,7.85,8.12,7.85,7.98,7.98,6.12%,91400
2020/7/17,8.1,8.1,8,8,8,0.25%,35600
2020/7/20,7.9,7.9,7.48,7.5,7.5,-6.25%,44736
2020/7/21,7.15,7.27,7.11,7.11,7.11,-5.20%,216400
2020/7/22,6.95,6.95,6.85,6.91,6.91,-2.81%,251951
2020/7/23,6.8,7.2,6.64,7.15,7.15,3.47%,225534
2020/7/24,7.38,7.48,7.155,7.39,7.39,3.36%,166598
2020/7/27,7.49,7.59,7.33,7.55,7.55,2.17%,155356
2020/7/28,7.8,8.039,7.8,7.9,7.9,4.64%,188628
2020/7/29,8.4,8.6,8.4,8.51,8.51,7.72%,141011
2020/7/30,8.43,8.505,8.08,8.19,8.19,-3.76%,212449
2020/7/31,8.52,8.52,7.98,8.15,8.15,-0.49%,78922
2020/8/3,8.63,8.63,8.35,8.42,8.42,3.31%,109766
2020/8/4,8.63,8.79,8.6,8.69,8.69,3.21%,58431
2020/8/5,8.52,8.6,8.35,8.51,8.51,-2.07%,266304
2020/8/6,9,9,8.69,8.8,8.8,3.41%,66271
2020/8/7,8.83,8.83,8.48,8.5,8.5,-3.41%,35565
2020/8/10,8.53,8.75,8.53,8.61,8.61,1.29%,97774
2020/8/11,8.91,9.34,8.91,9.32,9.32,8.25%,244818
2020/8/12,9.18,9.3,9.101,9.16,9.16,-1.72%,134285
2020/8/13,9.13,9.4,9.02,9.02,9.02,-1.53%,81401
2020/8/14,9.09,9.09,8.85,8.85,8.85,-1.88%,33945
2020/8/17,8.801,8.97,8.74,8.9,8.9,0.56%,50121
2020/8/18,8.77,8.845,8.75,8.84,8.84,-0.67%,65254
2020/8/19,8.73,8.73,8.43,8.47,8.47,-4.19%,158638
2020/8/20,8.07,8.168,7.91,8.05,8.05,-4.96%,179796
2020/8/21,8.05,8.15,8.05,8.11,8.11,0.75%,40365
2020/8/24,9,9,8.58,8.66,8.66,6.78%,45949
2020/8/25,8.77,8.88,8.76,8.76,8.76,1.15%,90150
2020/8/26,8.75,8.95,8.75,8.79,8.79,0.34%,33713
2020/8/27,8.77,8.9,8.75,8.77,8.77,-0.23%,39552
2020/8/28,8.85,8.99,8.65,8.77,8.77,0.00%,121446
2020/8/31,8.85,8.85,8.5,8.52,8.52,-2.85%,47964
2020/9/1,8.5,8.5,8.13,8.13,8.13,-4.58%,87142
2020/9/2,8,8.1,7.79,7.82,7.82,-3.81%,112885
2020/9/3,7.77,7.77,7.366,7.41,7.41,-5.24%,92046
2020/9/4,7.75,7.78,7.6,7.77,7.77,4.86%,55138
2020/9/8,7.59,7.74,7.4,7.405,7.405,-4.70%,75222
2020/9/9,7.25,7.25,7.14,7.14,7.14,-3.58%,58098
2020/9/10,7.02,7.55,7.02,7.485,7.485,4.83%,39895
2020/9/11,7.5,7.69,7.49,7.69,7.69,2.74%,43394
2020/9/14,7.87,7.9,7.69,7.85,7.85,2.08%,19314
2020/9/15,7.85,7.85,7.53,7.55,7.55,-3.82%,80869
2020/9/16,7.65,7.665,7.6,7.6,7.6,0.66%,25254
2020/9/17,7.7,7.7,7.6,7.64,7.64,0.53%,19530
2020/9/18,7.67,7.7,7.553,7.57,7.57,-0.92%,13466
2020/9/21,7.51,7.65,7.51,7.625,7.625,0.73%,101802
2020/9/22,7.77,7.827,7.65,7.68,7.68,0.72%,33145
2020/9/23,8,8.11,8,8.11,8.11,5.60%,48856
2020/9/24,8.45,8.45,8.274,8.43,8.43,3.95%,119179
2020/9/25,8.31,8.31,8.1,8.21,8.21,-2.61%,44511
2020/9/28,8.11,8.11,7.94,8.09,8.09,-1.46%,66694
2020/9/29,8.15,8.31,8.13,8.23,8.23,1.73%,52050
2020/9/30,8.15,8.25,8.1,8.24,8.24,0.12%,63186
2020/10/1,8.3,8.4,8.297,8.36,8.36,1.46%,21172
2020/10/2,8.55,8.75,8.55,8.65,8.65,3.47%,134250
2020/10/5,8.74,8.845,8.7,8.73,8.73,0.92%,59279
2020/10/6,8.53,8.68,8.51,8.52,8.52,-2.41%,110897
2020/10/7,8.39,8.39,8.13,8.16,8.16,-4.23%,68372
2020/10/8,8.1,8.16,8.06,8.13,8.13,-0.37%,79114
2020/10/9,8.04,8.085,7.86,7.88,7.88,-3.08%,54852
2020/10/12,7.9,7.99,7.9,7.95,7.95,0.89%,37236
2020/10/13,7.9,7.95,7.9,7.94,7.94,-0.13%,59505
2020/10/14,7.7,7.7,7.46,7.49,7.49,-5.67%,53537
2020/10/15,7.44,7.44,7.13,7.4,7.4,-1.20%,112105
2020/10/16,7.28,7.33,7,7,7,-5.41%,103117
2020/10/19,7,7.17,6.83,7.11,7.11,1.57%,195634
2020/10/20,7.1,7.45,7.1,7.39,7.39,3.94%,51237
2020/10/21,7.5,7.87,7.5,7.67,7.67,3.79%,54823
2020/10/22,7.67,7.8,7.49,7.51,7.51,-2.09%,44234
2020/10/23,7.4,7.5,7.334,7.39,7.39,-1.60%,10692
2020/10/26,7.09,7.29,7.09,7.18,7.18,-2.84%,141860
2020/10/27,7.395,7.46,7.12,7.12,7.12,-0.84%,33077
2020/10/28,7.03,7.095,6.85,6.86,6.86,-3.65%,33264
2020/10/29,6.8,6.8,6.5,6.5,6.5,-5.25%,81098
2020/10/30,6.749,6.82,6.63,6.77,6.77,4.15%,71928
2020/11/2,6.67,6.71,6.5,6.52,6.52,-3.69%,22864
2020/11/3,6.63,6.63,6.31,6.56,6.56,0.61%,28699
2020/11/4,6.55,6.55,6.35,6.36,6.36,-3.05%,27011
2020/11/5,6.29,6.69,6.29,6.54,6.54,2.83%,44522
2020/11/6,6.6,6.88,6.56,6.8,6.8,3.98%,26391
2020/11/9,7.03,7.05,6.92,7.01,7.01,3.09%,57731
2020/11/10,6.9,6.9,6.65,6.67,6.67,-4.85%,77860
2020/11/11,6.35,6.458,6.21,6.22,6.22,-6.75%,98895
2020/11/12,6.5,6.5,6.26,6.41,6.41,3.05%,46664
2020/11/13,6.5,6.5,6.232,6.31,6.31,-1.56%,63501
2020/11/16,6.51,6.51,6.25,6.28,6.28,-0.48%,14067
2020/11/17,6.48,6.48,6.25,6.25,6.25,-0.48%,24333
2020/11/18,6.45,6.47,6.336,6.37,6.37,1.92%,14571
2020/11/19,6.4,6.71,6.4,6.6,6.6,3.61%,93103
2020/11/20,6.54,6.72,6.54,6.61,6.61,0.15%,13628
2020/11/23,6.55,6.8,6.5,6.61,6.61,0.00%,43386
2020/11/24,6.63,6.66,6.353,6.59,6.59,-0.30%,89820
2020/11/25,6.75,6.8,6.66,6.7,6.7,1.67%,35364
2020/11/27,6.4,6.72,6.36,6.62,6.62,-1.19%,59036
2020/11/30,6.57,6.57,6.37,6.42,6.42,-3.02%,39115
2020/12/1,6.42,6.455,6.35,6.41,6.41,-0.16%,22719
2020/12/2,6.25,6.25,6.129,6.17,6.17,-3.74%,46527
2020/12/3,6.1,6.29,6.1,6.24,6.24,1.13%,37872
2020/12/4,6.42,6.55,6.42,6.54,6.54,4.81%,54246
2020/12/7,6.56,6.56,6.26,6.4,6.4,-2.14%,15576
2020/12/8,6.475,6.495,6.45,6.46,6.46,0.94%,14370
2020/12/9,6.64,6.78,6.62,6.71,6.71,3.87%,75777
2020/12/10,6.99,7.12,6.985,7.044,7.044,4.98%,50097
2020/12/11,7.1,7.2,7.09,7.18,7.18,1.93%,54073
2020/12/14,7.27,7.56,7.27,7.3,7.3,1.67%,83272
2020/12/15,7.3,7.3,7.27,7.3,7.3,0.00%,42452
2020/12/16,7.26,7.28,7.03,7.09,7.09,-2.88%,42025
2020/12/17,7.21,7.47,7.21,7.41,7.41,4.51%,68289
2020/12/18,7.41,7.525,7.36,7.46,7.46,0.67%,39377
2020/12/21,7.39,7.5,7.25,7.27,7.27,-2.55%,57642
2020/12/22,7.44,7.55,7.44,7.512,7.512,3.33%,54156
2020/12/23,7.6,7.8,7.59,7.73,7.73,2.90%,95687
2020/12/24,7.77,7.77,7.56,7.56,7.56,-2.20%,13158
2020/12/28,7.75,7.76,7.6,7.635,7.635,0.99%,34554
2020/12/29,7.57,7.585,7.11,7.2,7.2,-5.70%,132964
2020/12/30,7.44,7.69,7.345,7.51,7.51,4.31%,176864
2020/12/31,7.59,7.75,7.59,7.7,7.7,2.53%,24698
2021/1/4,8,8.6,8,8.47,8.47,10.00%,191702
2021/1/5,8.49,8.94,8.49,8.56,8.56,1.06%,219878
2021/1/6,8.5,8.74,8.38,8.53,8.53,-0.35%,82955
2021/1/7,9,9.34,9,9.32,9.32,9.26%,294466
2021/1/8,10.01,10.57,10.01,10.34,10.34,10.94%,364887
2021/1/11,11.35,12.1,11.32,11.8,11.8,14.12%,428142
2021/1/12,10.31,11.5,10.31,10.59,10.59,-10.25%,477229
2021/1/13,9.9,9.99,9.509,9.96,9.96,-5.95%,308211
2021/1/14,10.39,10.54,10.1,10.47,10.47,5.12%,111662
2021/1/15,11.5,11.5,11,11.04,11.04,5.44%,128716
2021/1/19,11.13,11.2,10.55,10.71,10.71,-2.99%,158195
2021/1/20,10.71,10.85,10.71,10.8,10.8,0.84%,43343
2021/1/21,10.84,11.5,10.84,11.33,11.33,4.91%,182260
2021/1/22,11.04,11.06,10.72,11,11,-2.91%,133362
2021/1/25,10.68,10.71,10.31,10.7,10.7,-2.73%,94469
2021/1/26,10.17,10.17,9.58,9.6,9.6,-10.28%,299407
2021/1/27,9.63,10.1,9.63,10.023,10.023,4.41%,130769
2021/1/28,10,10,9.571,9.76,9.76,-2.62%,59207
2021/1/29,9.86,10.53,9.86,10.34,10.34,5.94%,116572
2021/2/1,10.46,10.46,10,10.19,10.19,-1.45%,38481
2021/2/2,9.37,9.37,9.21,9.23,9.23,-9.42%,104478
2021/2/3,9.36,9.55,9.36,9.45,9.45,2.38%,87742
2021/2/4,9.45,9.95,9.45,9.81,9.81,3.81%,41167
2021/2/5,10.25,10.35,10.023,10.24,10.24,4.38%,85206
2021/2/8,10.01,10.046,9.574,9.79,9.79,-4.39%,85234
2021/2/9,10.21,10.3,9.981,10.1,10.1,3.17%,63701
2021/2/10,10.55,10.84,10.55,10.75,10.75,6.44%,83485
2021/2/11,10.74,11.55,10.575,11.55,11.55,7.44%,131561
2021/2/12,12.06,12.755,12.06,12.43,12.43,7.62%,368881
2021/2/16,14.97,16.19,14.92,15.82,15.82,27.27%,517632
2021/2/17,17.25,17.35,15.9,16.66,16.66,5.31%,352406
2021/2/18,13.91,14,13,13.52,13.52,-18.85%,361242
2021/2/19,13.79,14.5,13.79,14.5,14.5,7.25%,202545
2021/2/22,14.5,14.8,13.605,13.74,13.74,-5.24%,226688
2021/2/23,12.8,13.49,12.51,13.34,13.34,-2.91%,210703
2021/2/24,12.66,13.36,12.51,13.17,13.17,-1.27%,147755
2021/2/25,13.17,13.64,13.04,13.31,13.31,1.06%,118447
2021/2/26,13.43,13.43,12.661,12.71,12.71,-4.51%,98350
2021/3/1,13,13.35,12.97,13.02,13.02,2.44%,49254
2021/3/2,14.34,14.9,14.14,14.89,14.89,14.36%,238096
2021/3/3,15.5,15.5,14.89,15.28,15.28,2.62%,217441
2021/3/4,15.63,15.63,14.75,15.26,15.26,-0.13%,178129
2021/3/5,16,16.35,15.59,16.25,16.25,6.49%,293921
2021/3/8,16.66,16.66,16.45,16.5,16.5,1.54%,404514
2021/3/9,16.58,16.66,15.51,16.33,16.33,-1.03%,415834
2021/3/10,15.7,15.8,15.25,15.32,15.32,-6.18%,291015
2021/3/11,16.34,16.388,15.61,16.2,16.2,5.74%,110137
2021/3/12,16.35,16.6,16.15,16.59,16.59,2.41%,103742
2021/3/15,17.46,17.97,17.02,17.95,17.95,8.20%,309760
2021/3/16,17.67,18.19,17.5,18,18,0.28%,350167
2021/3/17,18.59,19.54,18.54,19.5,19.5,8.33%,330713
2021/3/18,20.81,20.84,19.72,20.33,20.33,4.26%,682125
2021/3/19,20.4,20.7,19.3,19.57,19.57,-3.74%,420763
2021/3/22,19.8,19.8,18.87,19.06,19.06,-2.61%,250465
2021/3/23,17.8,17.8,16.61,16.7,16.7,-12.38%,531104
2021/3/24,16.78,17.455,15.74,17.24,17.24,3.23%,467966
2021/3/25,18.79,19.43,18.07,19.3,19.3,11.95%,446797
2021/3/26,19,19,18.21,18.42,18.42,-4.56%,229424
2021/3/29,17.88,17.88,16.65,16.87,16.87,-8.41%,248421
2021/3/30,16.18,16.5,16.17,16.5,16.5,-2.19%,180238
2021/3/31,16.27,17,16.27,16.92,16.92,2.55%,170981
2021/4/1,17.4,18.02,17.33,17.93,17.93,5.97%,185803
2021/4/5,18.14,18.27,17.68,18.21,18.21,1.56%,677441
2021/4/6,18.07,18.18,17.31,17.57,17.57,-3.51%,370320
2021/4/7,17.4,17.71,16.85,16.97,16.97,-3.41%,163655
2021/4/8,16.09,16.69,15.57,16.53,16.53,-2.59%,357562
2021/4/9,16.84,17.59,16.8,17.52,17.52,5.99%,142736
2021/4/12,18.01,18.3,17.909,18.08,18.08,3.20%,184668
2021/4/13,17.76,17.76,17.01,17.07,17.07,-5.59%,219302
2021/4/14,18.5,18.9,17.85,18.79,18.79,10.08%,334964
2021/4/15,19.49,20.419,19.37,20.3,20.3,8.04%,395304
2021/4/16,19.77,20.17,19.7,19.79,19.79,-2.51%,285880
2021/4/19,20.07,20.1,19.9,20,20,1.06%,234056
2021/4/20,20.1,20.48,20.03,20.45,20.45,2.25%,281928
2021/4/21,21.25,22.15,21.25,21.88,21.88,6.99%,571057
2021/4/22,21.11,21.11,20.31,20.47,20.47,-6.44%,289338
2021/4/23,20.99,21.372,20.85,20.92,20.92,2.20%,180689
2021/4/26,21.67,21.69,21.299,21.4,21.4,2.29%,273605
2021/4/27,22.4,23,22.336,22.98,22.98,7.38%,566496
2021/4/28,23.248,23.56,22.84,23.52,23.52,2.35%,625983
2021/4/29,23.85,24.1,23.6,24.01,24.01,2.08%,481582
2021/4/30,24.03,24.78,24.03,24.7,24.7,2.87%,612981
2021/5/3,24.91,25.39,24.75,25.08,25.08,1.54%,880578
2021/5/4,26.13,26.32,25.453,26.21,26.21,4.51%,1040588
2021/5/5,27.22,27.5,26.2,26.67,26.67,1.76%,1041374
2021/5/6,24.89,24.92,23.29,23.56,23.56,-11.66%,1408371
2021/5/7,25.5,26.11,25.18,25.9,25.9,9.93%,641372
2021/5/10,27.5,27.74,27.051,27.59,27.59,6.53%,1143177
2021/5/11,25.78,25.99,25.25,25.99,25.99,-5.80%,959464
2021/5/12,24.55,24.55,23.58,24.2,24.2,-6.89%,859077
2021/5/13,23.8,24.2,23.65,23.96,23.96,-0.99%,492584
2021/5/14,23.01,23.375,22.63,22.95,22.95,-4.22%,854346
2021/5/17,22.35,22.7,21.75,21.93,21.93,-4.44%,806625
2021/5/18,23.14,24.26,23.14,24.08,24.08,9.80%,600101
2021/5/19,24.51,25.35,24.12,24.45,24.45,1.54%,606852
2021/5/20,25.16,25.75,25.015,25.62,25.62,4.79%,463414
2021/5/21,26.4,26.87,26.128,26.86,26.86,4.84%,652311
2021/5/24,25.58,25.58,24.55,25.24,25.24,-6.03%,790073
2021/5/25,24.31,24.638,23.83,23.96,23.96,-5.07%,768001
2021/5/26,23.07,24.48,22.9,23.96,23.96,0.00%,597069
2021/5/27,23.82,24,23.51,23.92,23.92,-0.17%,242191
2021/5/28,23.06,23.431,23,23,23,-3.85%,383025
2021/6/1,24,24.37,23.78,23.85,23.85,3.70%,282685
2021/6/2,23.3,23.5,22.45,22.58,22.58,-5.32%,595475
2021/6/3,22.55,22.99,22.44,22.71,22.71,0.58%,320310
2021/6/4,23.18,23.69,22.93,23.5,23.5,3.48%,291828
2021/6/7,23.01,23.06,22.341,22.66,22.66,-3.57%,436663
2021/6/8,23,23.18,22.9,23.11,23.11,1.99%,445951
2021/6/9,24.5,25.209,24.46,24.99,24.99,8.14%,700153
2021/6/10,26.25,27.24,26.25,27.05,27.05,8.24%,577486
2021/6/11,27.75,28,27.505,27.82,27.82,2.85%,481722
2021/6/14,27.83,27.83,26.93,27,27,-2.95%,439287
2021/6/15,28.18,29.33,28.1,28.99,28.99,7.37%,563827
2021/6/16,29.95,30.2,29.273,30.14,30.14,3.97%,530739
2021/6/17,29.07,29.07,28.02,28.07,28.07,-6.87%,559187
2021/6/18,26.54,27.31,26.5,27.07,27.07,-3.56%,420993
2021/6/21,26.45,26.6,26,26.56,26.56,-1.88%,242247
2021/6/22,26.25,27.1,26.01,27.05,27.05,1.84%,328309
2021/6/23,28.03,28.25,27.78,27.88,27.88,3.07%,305784
2021/6/24,28.5,28.86,28.478,28.84,28.84,3.44%,486257
2021/6/25,29.49,29.99,29.49,29.96,29.96,3.88%,471996
2021/6/28,29.96,29.96,28.82,28.93,28.93,-3.44%,431770
2021/6/29,28.59,29.12,28.5,28.82,28.82,-0.38%,382927
2021/6/30,28.5,29.383,28.25,29.35,29.35,1.84%,211537
2021/7/1,27.97,28.08,27,27.32,27.32,-6.92%,399421
2021/7/2,27,27.07,26.43,26.87,26.87,-1.65%,273984
2021/7/6,25.35,25.5,25.03,25.26,25.26,-5.99%,849118
2021/7/7,27.5,27.697,26.832,26.92,26.92,6.57%,459450
2021/7/8,26.69,26.707,26,26.34,26.34,-2.15%,164794
2021/7/9,26.91,27.06,26.62,26.79,26.79,1.71%,240126
2021/7/12,26.09,26.196,25.221,25.34,25.34,-5.41%,288447
2021/7/13,23.78,24.67,23.63,24.49,24.49,-3.35%,535491
2021/7/14,23.5,23.5,23,23.15,23.15,-5.47%,649762
2021/7/15,24.15,24.81,24.15,24.45,24.45,5.62%,259169
2021/7/16,24.6,24.9,24.5,24.51,24.51,0.25%,184272
2021/7/19,25.75,26,25.23,25.33,25.33,3.35%,425079
2021/7/20,25.87,25.92,25.31,25.48,25.48,0.59%,146276
2021/7/21,26.3,26.45,25.91,26.1,26.1,2.43%,173164
2021/7/22,26.46,26.58,26.12,26.58,26.58,1.84%,161947
2021/7/23,27,27.118,26.9,27.09,27.09,1.92%,96476
2021/7/26,26.39,26.39,25.29,25.63,25.63,-5.39%,310473
2021/7/27,24.5,24.63,24.258,24.63,24.63,-3.90%,179538
2021/7/28,25.1,25.49,25.01,25.49,25.49,3.49%,102881
2021/7/29,25.94,26.799,25.94,26.65,26.65,4.55%,203896
2021/7/30,26.45,26.56,25.76,25.8,25.8,-3.19%,185589
2021/8/2,26.49,26.777,26.37,26.55,26.55,2.91%,78841
2021/8/3,26.61,26.83,26.48,26.63,26.63,0.30%,109203
2021/8/4,27.03,27.5,27.03,27.19,27.19,2.10%,150118
2021/8/5,27.22,27.22,26.623,26.73,26.73,-1.69%,95334
2021/8/6,26.69,26.69,26.38,26.6,26.6,-0.49%,46497
2021/8/9,26.81,26.81,26.33,26.42,26.42,-0.68%,122681
2021/8/10,27,27.13,26.842,27.01,27.01,2.23%,78396
2021/8/11,27.5,27.88,27.5,27.77,27.77,2.81%,129360
2021/8/12,28.03,28.49,28.01,28.25,28.25,1.73%,164250
2021/8/13,28.1,28.46,27.91,27.97,27.97,-0.99%,109692
2021/8/16,28.36,28.89,28.36,28.78,28.78,2.90%,170408
2021/8/17,29.04,29.59,29.04,29.21,29.21,1.49%,389843
2021/8/18,30.02,30.131,29.6,29.6,29.6,1.34%,191791
2021/8/19,29.53,29.7,29.22,29.27,29.27,-1.11%,213379
2021/8/20,29.66,30,29.65,29.98,29.98,2.43%,112073
2021/8/23,30.42,30.43,30.15,30.33,30.33,1.17%,148092
2021/8/24,30.62,30.62,30.06,30.37,30.37,0.13%,179065
2021/8/25,29.49,29.65,29.31,29.4,29.4,-3.19%,201880
2021/8/26,30.29,30.8,30.24,30.74,30.74,4.56%,105758
2021/8/27,30.28,30.28,29.82,30,30,-2.41%,103389
2021/8/30,30.03,30.03,29.82,29.94,29.94,-0.20%,103902
2021/8/31,28.6,28.6,28.17,28.33,28.33,-5.38%,279627
2021/9/1,27.94,28.08,27.631,27.73,27.73,-2.12%,198684
2021/9/2,28.27,28.52,28.055,28.26,28.26,1.91%,132839
2021/9/3,27.5,27.5,27.263,27.36,27.36,-3.18%,171875
2021/9/7,27.1,27.1,26.69,26.9,26.9,-1.68%,227133
2021/9/8,27.48,27.94,27.48,27.67,27.67,2.86%,127234
2021/9/9,28.48,29.5,28.48,29.35,29.35,6.07%,386412
2021/9/10,29.79,30.179,29.79,30.12,30.12,2.62%,356938
2021/9/13,30.81,31,30.75,30.83,30.83,2.36%,284193
2021/9/14,29.88,30.05,29.61,29.88,29.88,-3.08%,226381
2021/9/15,30.12,30.2,29.61,30.2,30.2,1.07%,105838
2021/9/16,30.59,30.84,30.45,30.65,30.65,1.49%,84464
2021/9/17,30.62,30.94,30.61,30.73,30.73,0.26%,167466
2021/9/20,29.36,29.65,28.87,28.9,28.9,-5.96%,546608
2021/9/21,30.92,31,30.755,30.9,30.9,6.92%,241715
2021/9/22,30.78,31,30.45,30.74,30.74,-0.52%,130604
2021/9/23,31.99,32.109,31.68,31.86,31.86,3.64%,192784
2021/9/24,32,32.57,32,32.48,32.48,1.95%,229207
2021/9/27,33.65,34.45,33.65,34.35,34.35,5.76%,414638
2021/9/28,36.74,36.74,35.88,36.57,36.57,6.46%,602858
2021/9/29,36,36.38,35.305,35.68,35.68,-2.43%,550084
2021/9/30,35.4,36.16,34.94,36.01,36.01,0.92%,244109
2021/10/1,36.25,36.95,36.25,36.9,36.9,2.47%,221905
2021/10/4,37.59,37.819,37.13,37.77,37.77,2.36%,295788
2021/10/5,41.28,41.46,40.76,41.25,41.25,9.21%,406975
2021/10/6,42.03,42.22,40.48,41.51,41.51,0.63%,506918
2021/10/7,39.3,39.3,38.12,38.84,38.84,-6.43%,554204
2021/10/8,38.86,39.328,38.718,39.23,39.23,1.00%,264829
2021/10/11,40.64,41.207,40.3,40.96,40.96,4.41%,420029
2021/10/12,38.17,38.42,37.45,37.63,37.63,-8.13%,556803
2021/10/13,36.76,37.153,36.61,36.89,36.89,-1.97%,667753
2021/10/14,37.33,37.74,37.131,37.28,37.28,1.06%,184639
2021/10/15,35.78,35.97,35.15,35.3,35.3,-5.31%,709549
2021/10/18,35.88,37.3,35.88,37.29,37.29,5.64%,153407
2021/10/19,38.81,39.06,38.33,38.48,38.48,3.19%,404116
2021/10/20,38.7,38.7,36.65,37.31,37.31,-3.04%,343451
2021/10/21,34.89,34.95,33.92,34.57,34.57,-7.34%,426293
2021/10/22,32.73,33.07,31.9,32.2,32.2,-6.86%,564279
2021/10/25,32.38,32.385,30.6,30.61,30.61,-4.94%,785048
2021/10/26,27.92,28,27.28,27.76,27.76,-9.31%,779161
2021/10/27,28.03,29.48,27.919,29.48,29.48,6.20%,277896
2021/10/28,29.9,30.37,29.42,30.37,30.37,3.02%,226556
2021/10/29,30.98,30.98,30.04,30.04,30.04,-1.09%,236419
2021/11/1,27.89,27.9,25.752,26.4,26.4,-12.12%,417285
2021/11/2,23.5,23.8,22.35,22.88,22.88,-13.33%,566296
2021/11/3,22.06,22.2,20.75,20.82,20.82,-9.00%,416280
2021/11/4,22.27,23.07,22.27,23.07,23.07,10.81%,497655
2021/11/5,23.53,23.53,22.8,23.05,23.05,-0.09%,245781
2021/11/8,24.34,25.17,24.34,25.16,25.16,9.15%,316927
2021/11/9,25.06,25.06,23.53,24.22,24.22,-3.74%,497744
2021/11/10,23.05,23.108,22.18,22.7,22.7,-6.28%,412531
2021/11/11,22.27,22.331,21.5,21.94,21.94,-3.35%,253626
2021/11/12,21.79,22.788,21.79,22.63,22.63,3.14%,217966
2021/11/15,21.6,21.981,21.2,21.67,21.67,-4.24%,244698
2021/11/16,19.23,20.13,19.12,19.65,19.65,-9.32%,850818
2021/11/17,19.8,20.743,19.71,20.45,20.45,4.07%,201592
2021/11/18,21.89,22.25,21.5,22.23,22.23,8.70%,203349
2021/11/19,23.87,24.87,23.68,24.79,24.79,11.52%,371820
2021/11/22,25.63,25.75,24.51,24.89,24.89,0.40%,368726
2021/11/23,23.68,23.79,23.09,23.39,23.39,-6.03%,252936
2021/11/24,24.11,25.26,24.03,25.2,25.2,7.74%,329016
2021/11/26,24.93,25.9,24.57,24.73,24.73,-1.87%,487545
2021/11/29,26.26,27.08,26.08,26.96,26.96,9.02%,320325
2021/11/30,27.5,27.69,26.29,26.65,26.65,-1.15%,240027
2021/12/1,27,28.13,27,27.79,27.79,4.28%,157594
2021/12/2,28.3,29,28.246,28.72,28.72,3.35%,277593
2021/12/3,29.28,29.8,29.28,29.59,29.59,3.03%,169475
2021/12/6,30,30.238,29.5,29.6,29.6,0.03%,289845
2021/12/7,29.75,30.455,29.5,30.44,30.44,2.84%,299965
2021/12/8,28.64,28.94,28.15,28.46,28.46,-6.50%,331678
2021/12/9,26.51,27.5,26.41,27.17,27.17,-4.53%,675150
2021/12/10,27.89,28.521,27.52,28.14,28.14,3.57%,232292
2021/12/13,28.15,28.4,27.72,27.83,27.83,-1.10%,69336
2021/12/14,25.66,25.7,23.61,23.61,23.61,-15.16%,593870
2021/12/15,24.29,24.79,23.81,24.79,24.79,5.00%,68196
2021/12/16,24.24,24.54,24.12,24.28,24.28,-2.06%,89712
2021/12/17,23.97,24.26,23.81,23.95,23.95,-1.36%,58298
2021/12/20,24.91,25.789,24.858,25.72,25.72,7.39%,195396
2021/12/21,25.56,25.715,24.979,25.04,25.04,-2.64%,176628
2021/12/22,26.03,26.38,25.89,26.27,26.27,4.91%,90599
2021/12/23,26.25,26.88,26.25,26.77,26.77,1.90%,99300
2021/12/27,26.83,26.83,26.42,26.7,26.7,-0.26%,93228
2021/12/28,26.49,26.71,26.37,26.49,26.49,-0.79%,58116
2021/12/29,28.06,28.34,27.917,28.25,28.25,6.64%,103797
2021/12/30,29.02,29.85,29.02,29.6,29.6,4.78%,149968
2021/12/31,29.79,29.79,29.38,29.49,29.49,-0.37%,63098
2022/1/3,29.6,29.67,29.03,29.22,29.22,-0.92%,145684
2022/1/4,27.67,27.76,26.51,26.84,26.84,-8.15%,169964
2022/1/5,27,27,26,26.22,26.22,-2.31%,149271
2022/1/6,26.22,26.57,25.791,26.48,26.48,0.99%,68179
2022/1/7,27.14,27.47,26.5,26.86,26.86,1.44%,70382
2022/1/10,25,25.265,23.75,24.08,24.08,-10.35%,183324
2022/1/11,23.73,24.87,23.31,24.7,24.7,2.57%,137081
2022/1/12,23.32,23.62,23.232,23.5,23.5,-4.86%,197630
2022/1/13,22.4,22.84,22.11,22.36,22.36,-4.85%,164409
2022/1/14,22.58,23.399,22.58,23.19,23.19,3.71%,81810
2022/1/18,21.25,21.25,20.46,21,21,-9.44%,385631
2022/1/19,19.68,19.98,19.29,19.91,19.91,-5.19%,252801
2022/1/20,21.04,21.89,21.025,21.53,21.53,8.14%,307637
2022/1/21,20.54,20.8,20,20.11,20.11,-6.60%,169319
2022/1/24,20.63,21.23,20.629,21.08,21.08,4.82%,160991
2022/1/25,19.74,19.99,19.4,19.94,19.94,-5.41%,126193
2022/1/26,19.66,19.82,19.3,19.64,19.64,-1.50%,221882
2022/1/27,20.57,20.93,20.32,20.5,20.5,4.38%,292830
2022/1/28,22.4,22.72,21.93,22.01,22.01,7.37%,224348
2022/1/31,21.63,22.12,21.555,21.94,21.94,-0.32%,131996
2022/2/1,21.75,21.94,21.002,21.5,21.5,-2.01%,186050
2022/2/2,21.72,22.49,21.7,22.29,22.29,3.67%,342498
2022/2/3,21.69,21.84,21.45,21.83,21.83,-2.06%,153227
2022/2/4,21.66,21.89,21.5,21.7,21.7,-0.60%,88235
2022/2/7,21.25,21.88,21.11,21.78,21.78,0.37%,134853
2022/2/8,22.38,22.88,22.35,22.78,22.78,4.59%,76586
2022/2/9,24.75,25.02,24.52,24.85,24.85,9.09%,562740
2022/2/10,25.17,25.49,24.2,25.43,25.43,2.33%,274869
2022/2/11,24.4,24.88,24.25,24.73,24.73,-2.75%,339184
2022/2/14,23.49,23.49,22.7,22.78,22.78,-7.89%,307978
2022/2/15,22.85,22.92,22.55,22.66,22.66,-0.53%,144081
2022/2/16,22.25,22.338,22.012,22.17,22.17,-2.16%,71169
2022/2/17,22.81,23.778,22.81,23.53,23.53,6.13%,155354
2022/2/18,23.8,24.16,23.5,23.57,23.57,0.17%,175903
2022/2/22,24.5,24.76,23.595,23.86,23.86,1.23%,112519
2022/2/23,25.03,25.19,24.7,24.94,24.94,4.53%,187479
2022/2/24,22.7,23,22.32,22.62,22.62,-9.30%,368780
2022/2/25,22.7,22.89,22.42,22.61,22.61,-0.04%,141085
2022/2/28,21.58,21.62,21.2,21.43,21.43,-5.22%,195859
2022/3/1,23.31,23.88,23.09,23.88,23.88,11.43%,232839
2022/3/2,23.76,24,23.34,23.67,23.67,-0.88%,203233
2022/3/3,23.7,23.78,23.51,23.58,23.58,-0.38%,69241
2022/3/4,24.67,25.26,24.67,24.9,24.9,5.60%,219293
2022/3/7,26,26.43,25.97,26.28,26.28,5.54%,216252
2022/3/8,26.51,27,26.45,26.83,26.83,2.09%,422130
2022/3/9,27.9,28.2,27.62,27.84,27.84,3.76%,378333
2022/3/10,27.35,27.62,27.06,27.57,27.57,-0.97%,532487
2022/3/11,27.39,27.39,26.91,27.05,27.05,-1.89%,429321
2022/3/14,25.31,25.55,24.65,24.7,24.7,-8.69%,406015
2022/3/15,24.22,24.22,23.54,23.73,23.73,-3.93%,684585
2022/3/16,24.63,25.56,24.42,25.54,25.54,7.63%,218189
2022/3/17,25.99,26.5,25.83,26.04,26.04,1.96%,471335
2022/3/18,26.18,26.47,25.86,26.35,26.35,1.19%,180748
2022/3/21,26.06,26.3,25.63,25.76,25.76,-2.24%,60171
2022/3/22,25.15,25.49,25.021,25.05,25.05,-2.76%,163299
2022/3/23,25.67,25.96,25.535,25.95,25.95,3.59%,166696
2022/3/24,25.22,25.4,24.82,24.88,24.88,-4.12%,177527
2022/3/25,24.54,24.66,24.34,24.39,24.39,-1.97%,81355
2022/3/28,23.78,23.96,23.55,23.77,23.77,-2.54%,181926
2022/3/29,23.46,24.46,23.1,24.26,24.26,2.06%,318798
2022/3/30,24.25,25.1,24.25,25.01,25.01,3.09%,1208031
2022/3/31,24.2,24.98,23.88,24.18,24.18,-3.32%,648285
2022/4/1,23.93,23.98,23.75,23.96,23.96,-0.91%,125086
2022/4/4,23,23,22.31,22.4,22.4,-6.51%,553901
2022/4/5,21.76,22.088,21.41,21.77,21.77,-2.81%,1346330
2022/4/6,21,21,20.51,20.62,20.62,-5.28%,600015
2022/4/7,21.07,21.7,21.07,21.66,21.66,5.04%,160359
2022/4/8,22.06,22.58,22.06,22.45,22.45,3.65%,174057
2022/4/11,21.08,21.14,20.82,21,21,-6.46%,233894
2022/4/12,21.2,21.44,21,21.28,21.28,1.33%,142250
2022/4/13,21.27,21.43,21.04,21.24,21.24,-0.19%,130964
2022/4/14,21.75,22.17,21.75,22.16,22.16,4.33%,349501
2022/4/18,21.83,22.25,21.78,22.22,22.22,0.27%,128452
2022/4/19,21.67,21.79,20.94,21.23,21.23,-4.46%,284340
2022/4/20,20.48,20.526,20.055,20.29,20.29,-4.43%,257815
2022/4/21,21.37,21.84,21.36,21.74,21.74,7.15%,183464
2022/4/22,22,22.4,22,22.31,22.31,2.62%,178685
2022/4/25,21.52,21.65,20.858,20.92,20.92,-6.23%,190541
2022/4/26,21,21.03,20.5,20.74,20.74,-0.86%,188775
2022/4/27,21,21.68,21,21.55,21.55,3.91%,178180
2022/4/28,21.18,21.22,20.88,21.01,21.01,-2.51%,69929
2022/4/29,21.38,21.58,21.33,21.48,21.48,2.24%,38468
2022/5/2,21.46,21.57,21.232,21.49,21.49,0.05%,82533
2022/5/3,21.63,22.16,21.63,22.12,22.12,2.93%,106990
2022/5/4,22.93,23.38,22.905,23.29,23.29,5.29%,143552
2022/5/5,24.03,24.38,23.36,23.69,23.69,1.72%,135544
2022/5/6,23.21,23.9,23.13,23.75,23.75,0.25%,142986
2022/5/9,24.08,24.2,23.81,23.88,23.88,0.55%,246471
2022/5/10,23.61,23.75,23.2,23.39,23.39,-2.05%,89784
2022/5/11,23.94,24.18,23.76,23.9,23.9,2.18%,201151
2022/5/12,23.23,23.39,22.99,23.19,23.19,-2.97%,222491
2022/5/13,23.18,23.18,22.78,23.12,23.12,-0.30%,118865
2022/5/16,23.39,23.63,23.18,23.34,23.34,0.95%,96183
2022/5/17,24.4,24.76,24.4,24.63,24.63,5.53%,90387
2022/5/18,25.73,26.07,25.02,25.78,25.78,4.67%,490373
2022/5/19,24.94,25.21,24.78,24.97,24.97,-3.14%,259052
2022/5/20,24.99,25.49,24.17,25.42,25.42,1.80%,212033
2022/5/23,24.5,24.77,24.18,24.6,24.6,-3.23%,160005
2022/5/24,23.26,23.55,23.18,23.39,23.39,-4.92%,57039
2022/5/25,22.55,23.21,22.43,22.97,22.97,-1.80%,115482
2022/5/26,22.3,22.61,22.18,22.55,22.55,-1.83%,225468
2022/5/27,21.42,21.78,21.28,21.48,21.48,-4.75%,228054
2022/5/31,21.91,22.71,21.91,22.19,22.19,3.31%,500232
2022/6/1,22.1,22.28,21.7,21.89,21.89,-1.35%,240879
2022/6/2,21.8,22,21.8,22,22,0.50%,82008
2022/6/3,21.81,22.2,21.81,22.01,22.01,0.05%,187352
2022/6/6,21.71,21.82,21.25,21.46,21.46,-2.50%,185918
2022/6/7,20.63,20.63,20.26,20.35,20.35,-5.17%,186351
2022/6/8,19.59,19.65,19.1,19.24,19.24,-5.45%,468201
2022/6/9,19.01,19.45,19.01,19.36,19.36,0.62%,146924
2022/6/10,19.52,20.02,19.52,19.85,19.85,2.53%,265643
2022/6/13,19.15,19.32,19.06,19.14,19.14,-3.58%,65237
2022/6/14,19.66,20,19.66,19.88,19.88,3.87%,38152
2022/6/15,19.7,19.82,19.37,19.55,19.55,-1.66%,69724
2022/6/16,19.55,19.86,19.55,19.69,19.69,0.72%,97051
2022/6/17,20,20.3,20,20.16,20.16,2.39%,80140
2022/6/21,17.92,18.37,17.75,18.29,18.29,-9.28%,231605
2022/6/22,17.11,17.18,16.58,16.79,16.79,-8.20%,687670
2022/6/23,17.31,17.8,17.31,17.58,17.58,4.71%,185966
2022/6/24,16.83,17.099,16.62,16.9,16.9,-3.87%,94264
2022/6/27,16.63,16.7,16.25,16.37,16.37,-3.14%,295395
2022/6/28,15.69,16.18,15.6,16.03,16.03,-2.08%,113929
2022/6/29,16.34,16.92,16.34,16.73,16.73,4.37%,228085
2022/6/30,17.1,17.4,17.08,17.17,17.17,2.63%,200746
2022/7/1,16.9,17.16,16.9,17.11,17.11,-0.35%,14124
2022/7/5,15.96,16.021,15.79,15.9,15.9,-7.07%,54825
2022/7/6,15.3,15.479,14.92,14.95,14.95,-5.97%,266027
2022/7/7,15.52,15.97,15.51,15.91,15.91,6.42%,226112
2022/7/8,15.57,15.59,15.26,15.29,15.29,-3.90%,353515
2022/7/11,15.02,15.198,14.92,15.02,15.02,-1.77%,159321
2022/7/12,14.38,14.42,13.8,13.86,13.86,-7.72%,173203
2022/7/13,14.32,14.5,14.1,14.48,14.48,4.47%,232321
2022/7/14,14.86,15.18,14.65,15.18,15.18,4.83%,100113
2022/7/15,15.56,16.07,15.56,15.99,15.99,5.34%,80774
2022/7/18,15.63,15.66,15,15.28,15.28,-4.44%,161157
2022/7/19,15.35,15.35,14.69,14.81,14.81,-3.08%,191417
2022/7/20,14.8,15.11,14.47,14.54,14.54,-1.82%,186410
2022/7/21,14.72,14.859,14.51,14.65,14.65,0.76%,85850
2022/7/22,14.65,14.77,14.49,14.6,14.6,-0.34%,245827
2022/7/25,13.81,13.987,13.17,13.28,13.28,-9.04%,238193
2022/7/26,13.04,13.49,13.04,13.47,13.47,1.43%,198105
2022/7/27,12.95,13.41,12.95,13.31,13.31,-1.19%,141032
2022/7/28,12.72,12.84,12.53,12.79,12.79,-3.91%,328147
2022/7/29,12.23,12.42,12.08,12.42,12.42,-2.89%,233000
2022/8/1,12.64,12.69,12.53,12.65,12.65,1.85%,124251
2022/8/2,12.05,12.19,11.58,11.78,11.78,-6.88%,552547
2022/8/3,11.3,11.389,10.69,10.83,10.83,-8.06%,395629
2022/8/4,10.56,11.11,10.5,10.82,10.82,-0.09%,282607
2022/8/5,11.17,11.35,10.85,11.1,11.1,2.59%,297024
2022/8/8,11.43,11.73,11.21,11.23,11.23,1.17%,297474
2022/8/9,11.34,11.72,11.34,11.56,11.56,2.94%,287627
2022/8/10,11.55,11.7,11.4,11.58,11.58,0.17%,230828
2022/8/11,10.99,11.03,10.67,10.89,10.89,-5.96%,352201
2022/8/12,10.4,10.574,10.25,10.54,10.54,-3.21%,309684
2022/8/15,10.25,10.36,9.663,9.89,9.89,-6.17%,382057
2022/8/16,9.85,10.03,9.85,9.99,9.99,1.01%,69994
2022/8/17,9.82,10,9.64,9.77,9.77,-2.20%,92752
2022/8/18,9.31,9.46,9.26,9.42,9.42,-3.58%,256517
2022/8/19,9.2,9.42,9.2,9.31,9.31,-1.17%,100574
2022/8/22,9.16,9.26,9.046,9.21,9.21,-1.07%,129164
2022/8/23,8.94,8.98,8.58,8.7,8.7,-5.54%,275541
2022/8/24,8.37,8.58,8.21,8.55,8.55,-1.72%,216328
2022/8/25,8.03,8.06,7.89,7.97,7.97,-6.78%,549615
2022/8/26,8,8,7.92,7.92,7.92,-0.63%,282018
2022/8/29,7.9,8.07,7.813,7.86,7.86,-0.76%,449409
2022/8/30,7.48,7.48,6.75,7.2,7.2,-8.40%,1201488
2022/8/31,7.29,7.95,7.24,7.84,7.84,8.89%,649450
2022/9/1,8.48,8.846,8.4,8.73,8.73,11.35%,997036
2022/9/2,9.02,9.04,8.75,8.78,8.78,0.57%,403482
2022/9/6,8.03,8.09,7.77,7.99,7.99,-9.00%,533557
2022/9/7,8.55,8.68,8.1,8.25,8.25,3.25%,348294
2022/9/8,8.45,8.88,8.45,8.78,8.78,6.42%,263833
2022/9/9,8.47,8.75,8.47,8.63,8.63,-1.71%,236609
2022/9/12,9.13,9.64,9.13,9.55,9.55,10.66%,520077
2022/9/13,9.8,9.91,9.66,9.75,9.75,2.09%,346276
2022/9/14,9.58,9.65,9.16,9.39,9.39,-3.69%,471985
2022/9/15,9.26,9.26,9,9.14,9.14,-2.66%,110258
2022/9/16,8.86,9.09,8.69,9.07,9.07,-0.77%,228036
2022/9/19,9.07,9.26,9.07,9.18,9.18,1.21%,131718
2022/9/20,10.2,10.5,10.165,10.25,10.25,11.66%,500524
2022/9/21,10.1,10.15,9.74,10.05,10.05,-1.95%,246892
2022/9/22,9.86,10.09,9.86,9.94,9.94,-1.09%,127460
2022/9/23,10.25,10.47,10.12,10.27,10.27,3.32%,804818
2022/9/26,9.99,10.2,9.99,10.05,10.05,-2.14%,182744
2022/9/27,10.02,10.407,10.02,10.39,10.39,3.38%,145576
2022/9/28,9.68,9.685,9.29,9.58,9.58,-7.80%,244220
2022/9/29,9.13,9.182,8.69,8.96,8.96,-6.47%,443971
2022/9/30,8.92,9.51,8.9,9.04,9.04,0.89%,93677
2022/10/3,9.08,9.26,8.973,9.14,9.14,1.11%,205213
2022/10/4,9.96,10.399,9.95,10.35,10.35,13.24%,195705
2022/10/5,10.08,10.23,9.96,10.1,10.1,-2.42%,172951
2022/10/6,9.73,9.93,9.55,9.69,9.69,-4.06%,212388
2022/10/7,9.55,9.82,9.55,9.7,9.7,0.10%,98339
2022/10/10,9.34,9.39,9.01,9.2,9.2,-5.15%,127496
2022/10/11,9.35,9.48,9.145,9.34,9.34,1.52%,197610
2022/10/12,9.16,9.24,8.98,9.09,9.09,-2.68%,149000
2022/10/13,8.87,8.89,8.67,8.69,8.69,-4.40%,155477
2022/10/14,9.19,9.35,9.041,9.21,9.21,5.98%,373737
2022/10/17,8.99,9.03,8.8,8.83,8.83,-4.13%,212470
2022/10/18,9.32,9.494,9.01,9.19,9.19,4.08%,181114
2022/10/19,9.1,9.21,8.65,8.95,8.95,-2.61%,145103
2022/10/20,8.88,8.89,8.66,8.71,8.71,-2.68%,113171
2022/10/21,8.7,9,8.668,8.81,8.81,1.15%,95286
2022/10/24,8.73,8.81,8.422,8.48,8.48,-3.75%,117499
2022/10/25,8.36,8.45,8.25,8.35,8.35,-1.53%,120621
2022/10/26,8.09,8.19,7.94,8.09,8.09,-3.11%,191126
2022/10/27,7.82,7.9,7.64,7.75,7.75,-4.20%,148949
2022/10/28,7.64,7.72,7.524,7.71,7.71,-0.52%,73471
2022/10/31,7.09,7.13,6.935,7.1,7.1,-7.91%,433402
2022/11/1,7.22,7.45,7.21,7.41,7.41,4.37%,112161
2022/11/2,7.48,8.01,7.415,7.67,7.67,3.51%,398336
2022/11/3,7.44,7.55,7.31,7.37,7.37,-3.91%,188224
2022/11/4,7.71,7.925,7.661,7.72,7.72,4.75%,262782
2022/11/7,7.62,8.17,7.53,7.57,7.57,-1.94%,479035
2022/11/8,7.6,7.79,7.6,7.7,7.7,1.72%,204239
2022/11/9,7.76,7.97,7.76,7.9,7.9,2.60%,191530
2022/11/10,7.8,7.98,7.61,7.89,7.89,-0.13%,196946
2022/11/11,8.12,8.29,8.11,8.2,8.2,3.93%,228730
2022/11/14,8.2,8.3,8.19,8.2,8.2,0.00%,191655
2022/11/15,7.9,8.1,7.69,7.71,7.71,-5.98%,915772
2022/11/16,7.71,7.71,7.21,7.35,7.35,-4.67%,341188
2022/11/17,7.12,7.3,7.11,7.19,7.19,-2.18%,226008
2022/11/18,7.05,7.19,7.05,7.09,7.09,-1.39%,111020
2022/11/21,7.21,7.38,7.15,7.37,7.37,3.95%,230457
2022/11/22,7.02,7.08,6.82,7.07,7.07,-4.07%,400549
2022/11/23,7.19,7.42,7.19,7.38,7.38,4.38%,316880
2022/11/25,7.69,7.88,7.68,7.82,7.82,5.96%,365450
2022/11/28,7.73,7.8,7.52,7.66,7.66,-2.05%,547602
2022/11/29,7.38,7.6,7.25,7.54,7.54,-1.57%,152273
2022/11/30,7.73,7.94,7.722,7.86,7.86,4.24%,217710
2022/12/1,7.7,7.765,7.55,7.71,7.71,-1.91%,258618
2022/12/2,7.61,7.7,7.59,7.7,7.7,-0.13%,126685
2022/12/5,7.88,8,7.88,7.97,7.97,3.51%,526042
2022/12/6,8.12,8.469,8.06,8.44,8.44,5.90%,793612
2022/12/7,8.25,8.45,8.25,8.4,8.4,-0.47%,155204
2022/12/8,8.81,9.04,8.79,9.01,9.01,7.26%,236223
2022/12/9,9.08,9.32,9.08,9.19,9.19,2.00%,183485
2022/12/12,8.54,8.85,8.402,8.74,8.74,-4.90%,299889
2022/12/13,9.04,9.35,9.04,9.29,9.29,6.29%,426497
2022/12/14,9.65,9.841,9.65,9.82,9.82,5.71%,275932
2022/12/15,10.07,10.22,9.69,9.76,9.76,-0.61%,507852
2022/12/16,9.17,9.32,8.81,9.03,9.03,-7.48%,230284
2022/12/19,8.97,9.04,8.82,8.85,8.85,-1.99%,295838
2022/12/20,9.74,10.01,9.74,9.98,9.98,12.77%,326431
2022/12/21,10.25,10.33,9.87,9.98,9.98,0.00%,219640
2022/12/22,9.51,9.84,9.487,9.74,9.74,-2.40%,204291
2022/12/23,9.56,9.63,9.35,9.46,9.46,-2.87%,251450
2022/12/27,9.49,9.7,9.42,9.5,9.5,0.42%,465809
2022/12/28,9.42,9.601,9.36,9.45,9.45,-0.53%,102649
2022/12/29,9.34,9.46,9.33,9.4,9.4,-0.53%,92953
2022/12/30,9.24,9.341,9.12,9.19,9.19,-2.23%,147995
2023/1/3,9.01,9.18,8.75,8.82,8.82,-4.03%,75039
2023/1/4,9.01,9.28,9.01,9.25,9.25,4.88%,45173
2023/1/5,9.373,9.555,9.361,9.51,9.51,2.81%,56236
2023/1/6,9.67,10.28,9.5,10.04,10.04,5.57%,83703
2023/1/9,10.1,10.1,9.491,9.74,9.74,-2.99%,56140
2023/1/10,9.15,9.18,9.01,9.12,9.12,-6.37%,48804
2023/1/11,9.08,9.17,8.97,8.98,8.98,-1.54%,44347
2023/1/12,9.08,9.308,8.943,9.09,9.09,1.22%,53492
2023/1/13,9.22,9.44,9.22,9.36,9.36,2.97%,115512
2023/1/17,9.5,9.55,9.4,9.41,9.41,0.53%,71091
2023/1/18,9.09,9.28,8.88,8.94,8.94,-4.99%,65911
2023/1/19,8.72,8.859,8.66,8.775,8.775,-1.85%,123186
2023/1/20,8.951,9.15,8.885,8.95,8.95,1.99%,72846
2023/1/23,8.8,8.8,8.61,8.64,8.64,-3.46%,100711
2023/1/24,8.57,8.63,8.4,8.44,8.44,-2.31%,44569
2023/1/25,8.49,8.54,8.42,8.45,8.45,0.12%,31239
2023/1/26,8.24,8.24,8.1,8.12,8.12,-3.91%,134799
2023/1/27,8.23,8.75,8.21,8.27,8.27,1.85%,144057
2023/1/30,8.03,8.17,7.9,8,8,-3.26%,283419
2023/1/31,7.73,7.98,7.66,7.8,7.8,-2.50%,208880
2023/2/1,7.6,7.715,7.53,7.53,7.53,-3.46%,514813
2023/2/2,7.46,7.54,7.3,7.31,7.31,-2.92%,486403
2023/2/3,7.28,7.33,7.1,7.11,7.11,-2.74%,393375
2023/2/6,6.9,7.04,6.75,6.8,6.8,-4.36%,630117
2023/2/7,6.89,7.4,6.86,7.16,7.16,5.29%,905502
2023/2/8,7.5,7.8,7.441,7.62,7.62,6.42%,752696
2023/2/9,7.44,7.45,7.06,7.12,7.12,-6.56%,766456
2023/2/10,7.2,7.384,7.2,7.23,7.23,1.54%,276611
2023/2/13,7.08,7.242,6.95,7,7,-3.18%,960678
2023/2/14,6.75,7,6.72,6.73,6.73,-3.86%,842241
2023/2/15,6.58,6.72,6.3,6.53,6.53,-2.97%,756223
2023/2/16,6.62,6.85,6.58,6.75,6.75,3.37%,840670
2023/2/17,6.62,6.7,6.55,6.6,6.6,-2.22%,548993
2023/2/21,7.09,7.15,7.01,7.06,7.06,6.97%,1311989
2023/2/22,7.27,7.365,7.25,7.29,7.29,3.26%,958538
2023/2/23,7.76,8.04,7.76,7.96,7.96,9.19%,1596966
2023/2/24,8.01,8.07,7.9,7.95,7.95,-0.13%,629931
2023/2/27,7.99,8.15,7.901,8.15,8.15,2.52%,574194
2023/2/28,8.845,9.21,8.8,9.05,9.05,11.04%,1039730
2023/3/1,8.78,8.98,8.75,8.82,8.82,-2.54%,860361
2023/3/2,8.825,8.985,8.74,8.98,8.98,1.81%,461512
2023/3/3,9.34,9.4,9.29,9.39,9.39,4.57%,406298
2023/3/6,9.44,9.69,9.11,9.15,9.15,-2.56%,407563
2023/3/7,9.07,9.35,9.03,9.18,9.18,0.33%,448298
2023/3/8,9.46,9.68,9.46,9.6,9.6,4.58%,407882
2023/3/9,10,10.05,9.85,9.92,9.92,3.33%,599150
2023/3/10,10.04,10.27,10.04,10.19,10.19,2.72%,414339
2023/3/13,10.39,10.44,10.2,10.26,10.26,0.69%,313523
2023/3/14,10.52,10.72,10.46,10.57,10.57,3.02%,400436
2023/3/15,10.04,10.12,9.505,9.69,9.69,-8.33%,902689
2023/3/16,9.7,9.98,9.65,9.98,9.98,2.99%,330916
2023/3/17,9.94,10,9.795,9.97,9.97,-0.10%,288819
2023/3/20,9.68,9.71,9.442,9.5,9.5,-4.71%,456309
2023/3/21,9.24,9.33,9.12,9.31,9.31,-2.00%,362189
2023/3/22,9.1,9.54,9.1,9.49,9.49,1.93%,291776
2023/3/23,9.89,10.2,9.88,10.19,10.19,7.38%,293869
2023/3/24,9.78,9.88,9.601,9.76,9.76,-4.22%,260021
2023/3/27,9.5,9.62,9.43,9.45,9.45,-3.18%,152934
2023/3/28,9.29,9.515,9.24,9.46,9.46,0.11%,132872
2023/3/29,9.86,10.09,9.86,10.02,10.02,5.92%,276991
2023/3/30,9.71,9.94,9.57,9.65,9.65,-3.69%,195351
2023/3/31,9.83,10.1,9.83,10.1,10.1,4.66%,136239
2023/4/3,10.02,10.1,9.93,10.01,10.01,-0.89%,148999
2023/4/4,10.2,10.35,10.2,10.31,10.31,3.00%,196680
2023/4/5,10.3,10.3,10.02,10.02,10.02,-2.81%,80396
2023/4/6,9.84,9.865,9.68,9.81,9.81,-2.10%,524772
2023/4/10,9.7,10,9.68,9.91,9.91,1.02%,298000
2023/4/11,9.54,9.54,9.21,9.28,9.28,-6.36%,366190
2023/4/12,9.35,9.47,9.215,9.41,9.41,1.40%,358051
2023/4/13,9.21,9.4,9.13,9.37,9.37,-0.43%,162112
2023/4/14,9.34,9.36,9.17,9.19,9.19,-1.92%,493507
2023/4/17,9.1,9.11,8.95,8.96,8.96,-2.50%,376946
2023/4/18,8.77,8.77,8.34,8.62,8.62,-3.79%,700608
2023/4/19,9,9.2,9,9.16,9.16,6.26%,194803
2023/4/20,9.2,9.3,9.17,9.25,9.25,0.98%,65087
2023/4/21,9.27,9.27,9.1,9.16,9.16,-0.97%,56345
2023/4/24,8.85,8.85,8.72,8.78,8.78,-4.15%,181920
2023/4/25,8.8,8.8,8.7,8.76,8.76,-0.23%,222457
2023/4/26,8.77,8.854,8.77,8.82,8.82,0.68%,108205
2023/4/27,9.07,9.075,8.79,8.85,8.85,0.34%,157798
2023/4/28,8.79,8.79,8.655,8.76,8.76,-1.02%,127444
2023/5/1,8.88,9.05,8.71,8.78,8.78,0.23%,124344
2023/5/2,8.52,8.52,8.23,8.28,8.28,-5.69%,286230
2023/5/3,8.32,8.5,8.32,8.45,8.45,2.05%,231073
2023/5/4,8.13,8.13,7.805,7.93,7.93,-6.15%,563359
2023/5/5,8.24,8.32,8.18,8.3,8.3,4.67%,69698
2023/5/8,8.39,8.4,8.3,8.35,8.35,0.60%,233221
2023/5/9,8.95,8.99,8.882,8.99,8.99,7.66%,233067
2023/5/10,8.54,8.75,8.51,8.6,8.6,-4.34%,87450
2023/5/11,8.07,8.16,8.01,8.09,8.09,-5.93%,191820
2023/5/12,7.72,7.741,7.65,7.72,7.72,-4.57%,281103
2023/5/15,7.4,7.4,7.094,7.29,7.29,-5.57%,364483
2023/5/16,7.36,7.41,7.2,7.22,7.22,-0.96%,188962
2023/5/17,7.15,7.27,7.07,7.22,7.22,0.00%,311409
2023/5/18,7.46,7.52,7.4,7.49,7.49,3.74%,131987
2023/5/19,7.31,7.44,7.31,7.41,7.41,-1.07%,62796
2023/5/22,7.39,7.4,7.28,7.39,7.39,-0.27%,100027
2023/5/23,7.13,7.15,7.05,7.09,7.09,-4.06%,181083
2023/5/24,6.64,6.64,6.49,6.56,6.56,-7.48%,668055
2023/5/25,6.23,6.48,6.15,6.44,6.44,-1.83%,494840
2023/5/26,6.44,6.608,6.44,6.57,6.57,2.02%,204948
2023/5/30,6.28,6.31,6.04,6.08,6.08,-7.46%,515864
2023/5/31,5.63,5.79,5.58,5.78,5.78,-4.93%,841283
2023/6/1,5.83,5.85,5.79,5.84,5.84,1.04%,314252
2023/6/2,6.1,6.19,6.09,6.14,6.14,5.14%,295768
2023/6/5,6.58,6.6,6.45,6.55,6.55,6.68%,191985
2023/6/6,6.65,6.661,6.5,6.55,6.55,0.00%,242719
2023/6/7,6.15,6.16,6.065,6.14,6.14,-6.26%,320989
2023/6/8,6.2,6.43,6.17,6.37,6.37,3.75%,315382
2023/6/9,6.35,6.38,6.292,6.33,6.33,-0.63%,141498
2023/6/12,6.09,6.23,6.04,6.19,6.19,-2.21%,205436
2023/6/13,6.33,6.38,6.221,6.3,6.3,1.78%,309638
2023/6/14,6.46,6.48,6.37,6.4,6.4,1.59%,258113
2023/6/15,6.4,6.62,6.25,6.34,6.34,-0.94%,274532
2023/6/16,6.17,6.17,6.05,6.14,6.14,-3.15%,408732
2023/6/20,6.08,6.16,5.989,6.16,6.16,0.33%,268547
2023/6/21,6.12,6.18,6.02,6.12,6.12,-0.65%,339756
2023/6/22,6.19,6.211,6.16,6.17,6.17,0.82%,164163
2023/6/23,6.16,6.179,6.055,6.16,6.16,-0.16%,131644
2023/6/26,5.98,6,5.85,5.92,5.92,-3.90%,291716
2023/6/27,5.65,5.72,5.58,5.66,5.66,-4.39%,544478
2023/6/28,5.6,5.6,5.481,5.57,5.57,-1.59%,299123
2023/6/29,5.57,5.71,5.561,5.61,5.61,0.72%,385301
2023/6/30,5.61,5.61,5.54,5.55,5.55,-1.07%,721151
2023/7/3,5.31,5.31,5.17,5.17,5.17,-6.85%,375902
2023/7/5,4.95,5.08,4.88,5.05,5.05,-2.32%,654867
2023/7/6,5.1,5.33,4.95,5.2,5.2,2.97%,459240
2023/7/7,5.07,5.08,5,5.01,5.01,-3.65%,231496
2023/7/10,5.1,5.13,4.95,5.04,5.04,0.60%,301160
2023/7/11,5.2,5.29,4.95,5.22,5.22,3.57%,228036
2023/7/12,5.4,5.48,5.28,5.37,5.37,2.87%,452350
2023/7/13,5.21,5.21,5.145,5.17,5.17,-3.72%,370629
2023/7/14,5.15,5.15,5.05,5.08,5.08,-1.74%,141949
2023/7/17,4.87,4.934,4.81,4.84,4.84,-4.72%,696368
2023/7/18,4.76,4.78,4.585,4.61,4.61,-4.75%,635428
2023/7/19,4.6,4.6,4.48,4.5,4.5,-2.39%,631183
2023/7/20,4.63,4.78,4.56,4.73,4.73,5.11%,1202704
2023/7/21,4.75,4.77,4.71,4.73,4.73,0.00%,537400
2023/7/24,4.66,4.67,4.49,4.56,4.56,-3.59%,564138
2023/7/25,4.6,4.83,4.6,4.79,4.79,5.04%,875311
2023/7/26,4.95,5,4.87,4.87,4.87,1.67%,834421
2023/7/27,4.88,4.95,4.73,4.8,4.8,-1.44%,338834
2023/7/28,4.72,4.8,4.7,4.76,4.76,-0.83%,297107
2023/7/31,4.91,4.95,4.89,4.95,4.95,3.99%,326372
2023/8/1,4.95,5.04,4.93,4.95,4.95,0.00%,289859
2023/8/2,4.91,4.91,4.77,4.82,4.82,-2.63%,384301
2023/8/3,4.85,4.9,4.85,4.89,4.89,1.45%,91205
2023/8/4,4.89,4.905,4.844,4.89,4.89,0.00%,228589
2023/8/7,4.92,5.25,4.916,5.21,5.21,6.54%,491663
2023/8/8,5.13,5.13,4.99,5.07,5.07,-2.69%,289791
2023/8/9,5.11,5.11,5.03,5.06,5.06,-0.20%,112733
2023/8/10,5.13,5.24,5.13,5.22,5.22,3.16%,245950
2023/8/11,5.28,5.37,5.231,5.33,5.33,2.11%,195434
2023/8/14,5.3,5.38,5.3,5.34,5.34,0.19%,173418
2023/8/15,5.53,5.609,5.53,5.59,5.59,4.68%,545762
2023/8/16,5.89,5.89,5.61,5.66,5.66,1.25%,808096
2023/8/17,5.6,5.6,5.43,5.45,5.45,-3.71%,388884
2023/8/18,5.33,5.35,5.25,5.33,5.33,-2.20%,328426
2023/8/21,5.17,5.17,5.02,5.09,5.09,-4.50%,409050
2023/8/22,4.99,4.99,4.92,4.94,4.94,-2.95%,191892
2023/8/23,4.86,4.89,4.76,4.83,4.83,-2.23%,358994
2023/8/24,5,5.06,4.98,5.06,5.06,4.76%,222438
2023/8/25,5.02,5.02,4.9,4.94,4.94,-2.37%,171267
2023/8/28,4.94,5.05,4.94,4.97,4.97,0.61%,92984
2023/8/29,5.2,5.23,5.05,5.05,5.05,1.61%,181389
2023/8/30,4.97,4.97,4.87,4.88,4.88,-3.37%,231563
2023/8/31,4.88,4.93,4.88,4.89,4.89,0.20%,150209
2023/9/1,4.85,4.89,4.85,4.86,4.86,-0.61%,170964
2023/9/5,4.87,4.94,4.86,4.9,4.9,0.82%,149654
2023/9/6,5,5.088,4.975,5.07,5.07,3.47%,143859
2023/9/7,5.22,5.33,5.15,5.24,5.24,3.35%,243400
2023/9/8,5.38,5.38,5.28,5.3,5.3,1.15%,159547
2023/9/11,5.19,5.19,5.07,5.1,5.1,-3.77%,298999
2023/9/12,5.26,5.295,5.22,5.27,5.27,3.33%,199689
2023/9/13,5.36,5.38,5.28,5.3,5.3,0.57%,287028
2023/9/14,5.38,5.46,5.363,5.46,5.46,3.02%,204580
2023/9/15,5.51,5.53,5.45,5.48,5.48,0.37%,111101
2023/9/18,5.64,5.695,5.629,5.67,5.67,3.47%,308798
2023/9/19,5.75,5.82,5.69,5.7,5.7,0.53%,746905
2023/9/20,5.57,5.57,5.42,5.46,5.46,-4.21%,225462
2023/9/21,5.41,5.41,5.34,5.37,5.37,-1.65%,241996
2023/9/22,5.54,5.6,5.52,5.53,5.53,2.98%,175294
2023/9/25,5.61,5.65,5.555,5.59,5.59,1.08%,195375
2023/9/26,5.6,5.65,5.52,5.54,5.54,-0.89%,152229
2023/9/27,5.5,5.65,5.47,5.53,5.53,-0.18%,733298
2023/9/28,5.33,5.37,5.23,5.37,5.37,-2.89%,295047
2023/9/29,5.49,5.49,5.42,5.49,5.49,2.23%,184761
2023/10/2,5.62,5.64,5.57,5.63,5.63,2.55%,580819
2023/10/3,5.69,5.71,5.55,5.59,5.59,-0.71%,353841
2023/10/4,5.54,5.65,5.49,5.55,5.55,-0.72%,238189
2023/10/5,5.69,5.75,5.67,5.75,5.75,3.60%,299235
2023/10/6,5.85,5.98,5.81,5.91,5.91,2.78%,554142
2023/10/9,6.05,6.08,5.92,5.97,5.97,1.02%,238050
2023/10/10,5.74,5.78,5.58,5.67,5.67,-5.03%,237160
2023/10/11,5.66,5.78,5.64,5.78,5.78,1.94%,254872
2023/10/12,5.66,5.685,5.57,5.6,5.6,-3.11%,272028
2023/10/13,5.6,5.875,5.6,5.87,5.87,4.82%,498065
2023/10/16,5.87,5.87,5.77,5.81,5.81,-1.02%,140684
2023/10/17,5.97,6.09,5.97,6.09,6.09,4.82%,347336
2023/10/18,5.95,5.95,5.81,5.83,5.83,-4.27%,165919
2023/10/19,5.69,5.73,5.6,5.67,5.67,-2.74%,288302
2023/10/20,5.75,5.78,5.71,5.76,5.76,1.59%,198500
2023/10/23,5.6,5.65,5.47,5.54,5.54,-3.82%,766700
2023/10/24,5.45,5.45,5.32,5.41,5.41,-2.35%,425694
2023/10/25,5.3,5.37,5.25,5.29,5.29,-2.22%,327160
2023/10/26,5.1,5.24,5.075,5.18,5.18,-2.08%,393686
2023/10/27,5.07,5.12,5.04,5.06,5.06,-2.32%,128458
2023/10/30,4.98,4.98,4.86,4.94,4.94,-2.37%,245065
2023/10/31,5,5.09,4.96,5.01,5.01,1.42%,142953
2023/11/1,4.86,4.86,4.79,4.8,4.8,-4.19%,175033
2023/11/2,5,5.09,4.94,5.01,5.01,4.38%,237491
2023/11/3,5.17,5.23,5.13,5.15,5.15,2.79%,132779
2023/11/6,5.26,5.28,5.19,5.27,5.27,2.33%,100417
2023/11/7,5.2,5.23,5.16,5.2,5.2,-1.33%,75791
2023/11/8,5.28,5.4,5.275,5.4,5.4,3.85%,273629
2023/11/9,5.58,5.8,5.58,5.8,5.8,7.41%,442515
2023/11/10,5.8,5.8,5.668,5.7,5.7,-1.72%,62181
2023/11/13,5.81,5.98,5.81,5.95,5.95,4.39%,413305
2023/11/14,5.97,5.97,5.91,5.93,5.93,-0.34%,122274
2023/11/15,6.12,6.21,6.07,6.15,6.15,3.71%,301929
2023/11/16,6.43,6.468,6.35,6.44,6.44,4.72%,449332
2023/11/17,6.45,6.46,6.39,6.42,6.42,-0.31%,86971
2023/11/20,6.41,6.46,6.4,6.42,6.42,0.00%,128963
2023/11/21,6.5,6.64,6.45,6.55,6.55,2.02%,252887
2023/11/22,6.6,6.68,6.54,6.62,6.62,1.07%,112175
2023/11/24,7.26,7.6,7.02,7.52,7.52,13.60%,870321
2023/11/27,7.71,7.85,7.65,7.77,7.77,3.32%,441962
2023/11/28,7.83,7.85,7.66,7.8,7.8,0.39%,325069
2023/11/29,8.3,8.75,8.255,8.71,8.71,11.67%,570492
2023/11/30,9.48,9.48,8.9,9.33,9.33,7.12%,840413
2023/12/1,9.62,10.15,9.62,10.04,10.04,7.61%,928001
2023/12/4,9.62,9.72,8.97,9.34,9.34,-6.97%,1482445
2023/12/5,7.56,8.49,7.27,8.3,8.3,-11.13%,813148
2023/12/6,7.91,8.35,7.82,8.23,8.23,-0.84%,394736
2023/12/7,7.9,8.5,7.82,8.34,8.34,1.34%,305531
2023/12/8,8.66,8.7,8.581,8.7,8.7,4.32%,202623
2023/12/11,8.8,8.8,8.51,8.6,8.6,-1.15%,179969
2023/12/12,8.77,9.49,8.7,9.44,9.44,9.77%,547877
2023/12/13,8.85,8.99,8.808,8.87,8.87,-6.04%,139255
2023/12/14,9.17,9.25,9.11,9.24,9.24,4.17%,230061
2023/12/15,9.47,9.99,9.47,9.92,9.92,7.36%,351320
2023/12/18,10.39,10.73,10.32,10.6,10.6,6.85%,455972
2023/12/19,10.3,10.3,9.51,9.78,9.78,-7.74%,319225
2023/12/20,9.89,10.119,9.809,10.04,10.04,2.66%,173961
2023/12/21,10.16,10.16,9.91,9.97,9.97,-0.70%,263245
2023/12/22,10.15,10.61,10.09,10.44,10.44,4.71%,317483
2023/12/26,10.42,10.47,10.35,10.4,10.4,-0.38%,192995
2023/12/27,10.63,10.93,10.63,10.87,10.87,4.52%,266044
2023/12/28,11.1,11.69,11.09,11.65,11.65,7.18%,343732
2023/12/29,11.73,11.78,11.55,11.56,11.56,-0.77%,169026
2024/1/2,11.4,11.4,10.355,10.62,10.62,-8.13%,485702
2024/1/3,10.6,10.6,9.93,10.14,10.14,-4.52%,366434
2024/1/4,10.48,11,10.415,10.9,10.9,7.50%,209533
2024/1/5,10.8,10.83,10.52,10.61,10.61,-2.66%,124293
2024/1/8,9.75,9.878,9.582,9.61,9.61,-9.43%,250853
2024/1/9,9.11,9.176,9,9,9,-6.35%,436478
2024/1/10,9.26,9.61,9.26,9.55,9.55,6.11%,221804
2024/1/11,9.43,9.5,9.31,9.44,9.44,-1.15%,199566
2024/1/12,9.57,9.6,9.43,9.5,9.5,0.64%,85801
2024/1/16,9.58,9.9,9.54,9.77,9.77,2.84%,224896
2024/1/17,10,10.327,9.95,10.06,10.06,2.97%,279928
2024/1/18,10.88,11.3,10.76,11.19,11.19,11.23%,336657
2024/1/19,11.11,11.238,11.01,11.05,11.05,-1.25%,163796
2024/1/22,10.81,10.81,10.43,10.43,10.43,-5.61%,209261
2024/1/23,10.45,10.78,10.45,10.72,10.72,2.78%,200127
2024/1/24,11.14,11.87,11.14,11.75,11.75,9.61%,412732
2024/1/25,11.29,11.414,11.1,11.1,11.1,-5.53%,211928
2024/1/26,11.06,11.21,11.05,11.06,11.06,-0.36%,101400
2024/1/29,10.68,10.95,10.63,10.75,10.75,-2.80%,364277
2024/1/30,10.85,11.06,10.81,10.98,10.98,2.14%,193905
2024/1/31,11.1,11.3,11,11.24,11.24,2.37%,134935
2024/2/1,11.06,11.25,11,11.11,11.11,-1.16%,137762
2024/2/2,11.12,11.28,11.12,11.17,11.17,0.54%,65500
2024/2/5,11.79,11.97,11.77,11.81,11.81,5.73%,223008
2024/2/6,12.5,12.66,12.46,12.64,12.64,7.03%,251532
2024/2/7,12.19,12.2,11.65,11.8,11.8,-6.65%,275409
2024/2/8,12.27,12.64,12.2,12.55,12.55,6.36%,414892
2024/2/9,12.68,12.77,12.26,12.35,12.35,-1.59%,139123
2024/2/12,12.45,12.5,12.23,12.5,12.5,1.21%,84595
2024/2/13,12.77,12.77,12.205,12.26,12.26,-1.92%,90173
2024/2/14,12.5,12.96,12.454,12.75,12.75,4.00%,129617
2024/2/15,12.74,12.9,12.74,12.79,12.79,0.31%,80589
2024/2/16,12.95,12.95,12.8,12.82,12.82,0.23%,48267
2024/2/20,12.76,12.76,12.5,12.5,12.5,-2.50%,85397
2024/2/21,12.9,13.05,12.8,12.95,12.95,3.60%,113351
2024/2/22,13.34,13.8,13.34,13.51,13.51,4.32%,191577
2024/2/23,14.12,14.4,14.02,14.337,14.337,6.12%,189724
2024/2/26,13.93,13.93,13.57,13.733,13.733,-4.21%,220325
2024/2/27,14.19,14.5,14.19,14.45,14.45,5.22%,136191
2024/2/28,15.11,15.3,14.93,15.03,15.03,4.01%,183102
2024/2/29,15.24,15.27,14.98,15.25,15.25,1.46%,189641
2024/3/1,15.94,16.3,15.6,16.1,16.1,5.57%,263708
2024/3/4,16.49,16.5,16.1,16.23,16.23,0.81%,215930
2024/3/5,15.58,15.75,15.2,15.75,15.75,-2.96%,392457
2024/3/6,15,15.68,14.85,15.57,15.57,-1.14%,273322
2024/3/7,16.38,16.45,16.08,16.43,16.43,5.52%,171482
2024/3/8,16.7,16.99,16.65,16.84,16.84,2.50%,141138
2024/3/11,16.3,16.45,15.801,16.04,16.04,-4.75%,151599
2024/3/12,16.43,16.61,16.224,16.48,16.48,2.74%,228552
2024/3/13,16.64,16.65,16.12,16.25,16.25,-1.40%,121514
2024/3/14,16.14,16.27,15.9,16.06,16.06,-1.17%,162957
2024/3/15,16.1,16.1,15.56,15.69,15.69,-2.30%,204527
2024/3/18,16.55,16.8,16.12,16.19,16.19,3.19%,262357
2024/3/19,15.73,15.82,15.05,15.49,15.49,-4.32%,732163
2024/3/20,14.86,14.86,14.42,14.68,14.68,-5.23%,599738
2024/3/21,15.39,15.47,15.08,15.27,15.27,4.02%,513817
2024/3/22,15,15.01,14.71,14.73,14.73,-3.54%,190434
2024/3/25,13.99,14.1,13.881,14.07,14.07,-4.48%,311498
2024/3/26,13.11,13.38,12.86,13.38,13.38,-4.90%,858995
2024/3/27,12.95,13.49,12.92,13.35,13.35,-0.22%,384357
2024/3/28,13.76,13.88,13.615,13.86,13.86,3.82%,476389
2024/4/1,13.94,14.045,13.76,13.89,13.89,0.22%,241704
2024/4/2,12.9,12.97,12.64,12.7,12.7,-8.57%,241621
2024/4/3,13.33,13.46,13.17,13.32,13.32,4.88%,215861
2024/4/4,13.08,13.08,12.38,12.71,12.71,-4.58%,165407
2024/4/5,12.69,12.91,12.56,12.85,12.85,1.10%,114366
2024/4/8,12.84,12.84,12.32,12.51,12.51,-2.65%,169435
2024/4/9,12.67,12.9,12.41,12.78,12.78,2.16%,296454
2024/4/10,13.3,13.61,13.3,13.5,13.5,5.63%,338015
2024/4/11,13.8,14,13.5,13.54,13.54,0.30%,160171
2024/4/12,13.7,13.77,13.51,13.67,13.67,0.96%,132152
2024/4/15,13.49,13.69,13.2,13.56,13.56,-0.80%,126035
2024/4/16,13.6,13.74,13.36,13.4,13.4,-1.18%,84186
2024/4/17,13.92,13.92,13.78,13.81,13.81,3.06%,128521
2024/4/18,13.7,13.7,13.4,13.43,13.43,-2.75%,135429
2024/4/19,13.5,13.699,13.5,13.61,13.61,1.34%,89246
2024/4/22,13.16,13.395,12.9,13.03,13.03,-4.26%,594862
2024/4/23,13.04,13.4,13.04,13.4,13.4,2.84%,180513
2024/4/24,13.1,13.26,12.87,13.16,13.16,-1.79%,423369
2024/4/25,12.83,13.115,12.77,13.02,13.02,-1.06%,149797
2024/4/26,12.82,12.919,12.66,12.82,12.82,-1.54%,119342
2024/4/29,12.5,12.65,12.43,12.6,12.6,-1.72%,147750
2024/4/30,12.96,12.96,12.64,12.71,12.71,0.87%,288985
2024/5/1,12.55,12.77,12.51,12.69,12.69,-0.16%,77899
2024/5/2,13.1,13.51,13.08,13.46,13.46,6.07%,227220
2024/5/3,13.52,13.75,13.42,13.45,13.45,-0.07%,77988
2024/5/6,13.53,13.75,13.51,13.57,13.57,0.89%,67489
2024/5/7,14.21,14.6,14.15,14.6,14.6,7.59%,209599
2024/5/8,14.21,14.24,13.76,13.93,13.93,-4.59%,255264
2024/5/9,13.72,13.81,13.539,13.66,13.66,-1.94%,157901
2024/5/10,13.59,13.81,13.59,13.74,13.74,0.59%,52367
2024/5/13,13.33,13.33,13.05,13.27,13.27,-3.42%,155515
2024/5/14,12.86,13,12.7,12.95,12.95,-2.41%,389286
2024/5/15,12.56,12.62,12.41,12.62,12.62,-2.55%,366782
2024/5/16,12.69,12.84,12.62,12.75,12.75,1.03%,189162
2024/5/17,12.96,12.96,12.65,12.73,12.73,-0.16%,525752
2024/5/20,12.73,12.85,12.64,12.83,12.83,0.79%,90071
2024/5/21,12.8,12.8,12.31,12.38,12.38,-3.51%,506716
2024/5/22,12.29,12.293,12,12.14,12.14,-1.94%,357591
2024/5/23,12.27,12.39,12.1,12.1,12.1,-0.33%,111512
2024/5/24,12.39,12.39,12.21,12.26,12.26,1.32%,71152
2024/5/28,12.04,12.18,11.99,12,12,-2.12%,62976
2024/5/29,12.01,12.29,11.9,12.08,12.08,0.67%,42228
2024/5/30,12.2,12.3,12.01,12.16,12.16,0.66%,43196
2024/5/31,12.35,12.35,11.94,11.94,11.94,-1.81%,28841
2024/6/3,12.26,12.26,12.02,12.12,12.12,1.51%,108940
2024/6/4,12.01,12.26,11.99,12.25,12.25,1.07%,34853
2024/6/5,12.31,12.33,12.01,12.06,12.06,-1.55%,62044
2024/6/6,12.22,12.22,12.06,12.06,12.06,0.00%,28335
2024/6/7,11.8,11.95,11.8,11.84,11.84,-1.82%,37785
2024/6/10,11.58,11.8,11.46,11.46,11.46,-3.21%,264016
2024/6/11,11.35,11.6,11.29,11.42,11.42,-0.35%,120681
2024/6/12,11.91,12,11.84,11.94,11.94,4.55%,75449
2024/6/13,12.1,12.3,11.934,12.12,12.12,1.51%,41460
2024/6/14,11.96,11.96,11.71,11.77,11.77,-2.89%,41473
2024/6/17,11.82,11.98,11.77,11.96,11.96,1.61%,45803
2024/6/18,11.68,11.87,11.68,11.87,11.87,-0.75%,36890
2024/6/20,11.81,12.11,11.81,11.92,11.92,0.42%,46860
2024/6/21,11.92,12,11.78,11.78,11.78,-1.17%,19516
2024/6/24,11.53,11.585,11.43,11.44,11.44,-2.89%,76224
2024/6/25,11.2,11.462,11.2,11.4,11.4,-0.35%,26215
2024/6/26,11.8,11.968,11.73,11.8,11.8,3.51%,61909
2024/6/27,12,12.04,11.85,11.92,11.92,1.02%,83992
2024/6/28,11.95,12.3,11.95,12.24,12.24,2.68%,76411
2024/7/1,12.48,12.5,12.332,12.5,12.5,2.12%,125634
2024/7/2,12.05,12.19,11.71,11.86,11.86,-5.12%,81485
2024/7/3,11.5,12.002,11.49,12,12,1.18%,27671
2024/7/5,11.56,11.56,11.3,11.33,11.33,-5.58%,37939
2024/7/8,11.35,11.627,11.35,11.52,11.52,1.68%,54903
2024/7/9,11.46,11.66,11.46,11.66,11.66,1.22%,19093
2024/7/10,11.77,12,11.77,11.98,11.98,2.74%,44339
2024/7/11,11.86,12.045,11.86,11.94,11.94,-0.33%,20426
2024/7/12,12.03,12.29,12.02,12.08,12.08,1.17%,19208
2024/7/15,11.8,11.87,11.66,11.72,11.72,-2.98%,60872
2024/7/16,11.71,11.71,11.46,11.6,11.6,-1.02%,23425
2024/7/17,11.63,11.85,11.61,11.69,11.69,0.78%,39919
2024/7/18,11.79,11.84,11.71,11.8,11.8,0.94%,34070
2024/7/19,11.85,11.85,11.71,11.76,11.76,-0.34%,26325
2024/7/22,11.76,11.815,11.7,11.77,11.77,0.09%,35201
2024/7/23,11.591,11.765,11.49,11.49,11.49,-2.38%,28916
2024/7/24,11.68,11.93,11.58,11.64,11.64,1.31%,19126
2024/7/25,11.46,11.475,11.3,11.36,11.36,-2.41%,23222
2024/7/26,11.2,11.26,11.01,11.06,11.06,-2.64%,105512
2024/7/29,11.14,11.51,11.11,11.23,11.23,1.54%,39462
2024/7/30,10.9,10.99,10.78,10.83,10.83,-3.56%,58539
2024/7/31,11,11.01,10.7,10.72,10.72,-1.02%,10894
2024/8/1,11,11.04,10.7,10.89,10.89,1.59%,164093
2024/8/2,11.01,11.01,10.76,10.94,10.94,0.46%,347134
2024/8/5,11,11,10.6,10.77,10.77,-1.55%,47447
2024/8/6,10.94,10.98,10.905,10.98,10.98,1.95%,14710
2024/8/7,10.77,10.89,10.75,10.77,10.77,-1.91%,37129
2024/8/8,10.78,10.9,10.765,10.9,10.9,1.21%,5947
2024/8/9,10.9,10.9,10.66,10.71,10.71,-1.74%,7048
2024/8/12,10.46,10.62,10.46,10.58,10.58,-1.21%,14750
2024/8/13,10.732,10.9,10.732,10.83,10.83,2.36%,28648
2024/8/14,10.9,11.07,10.9,10.9,10.9,0.65%,11285
2024/8/15,10.82,10.82,10.601,10.77,10.77,-1.19%,15715
2024/8/16,10.83,10.83,10.65,10.69,10.69,-0.74%,23082
2024/8/19,10.56,10.72,10.42,10.45,10.45,-2.25%,24367
2024/8/20,10.7,10.78,10.61,10.69,10.69,2.30%,12100
2024/8/21,10.815,10.815,10.7,10.8,10.8,1.03%,21972
2024/8/22,10.74,10.74,10.48,10.592,10.592,-1.93%,4244
2024/8/23,10.6,10.61,10.41,10.41,10.41,-1.72%,10132
2024/8/26,10.41,10.66,10.41,10.66,10.66,2.40%,11738
2024/8/27,10.48,10.75,10.48,10.69,10.69,0.28%,13882
2024/8/28,10.81,10.81,10.63,10.695,10.695,0.05%,8816
2024/8/29,10.83,11.168,10.83,11.14,11.14,4.16%,15978
2024/8/30,11.13,11.145,10.88,11.11,11.11,-0.27%,16634
2024/9/3,10.94,10.94,10.49,10.5,10.5,-5.49%,19692
2024/9/4,10.5,10.7,10.5,10.62,10.62,1.14%,36307
2024/9/5,10.726,10.8,10.71,10.74,10.74,1.13%,23898
2024/9/6,10.75,10.885,10.69,10.74,10.74,0.00%,20499
2024/9/9,10.56,10.73,10.541,10.57,10.57,-1.58%,9007
2024/9/10,10.31,10.6,10.31,10.56,10.56,-0.09%,5453
2024/9/11,10.62,10.75,10.62,10.75,10.75,1.80%,20015
2024/9/12,10.58,10.655,10.575,10.62,10.62,-1.21%,7198
2024/9/13,10.32,10.45,10.25,10.27,10.27,-3.30%,18856
2024/9/16,10.27,10.57,10.27,10.37,10.37,0.97%,3812
2024/9/17,10.3,10.43,10.3,10.35,10.35,-0.19%,7823
2024/9/18,10.44,10.7,10.42,10.68,10.68,3.19%,29190
2024/9/19,10.71,10.82,10.53,10.57,10.57,-1.03%,24229
2024/9/20,10.63,10.63,10.37,10.4,10.4,-1.61%,2855
2024/9/23,10.49,10.68,10.49,10.62,10.62,2.12%,24022
2024/9/24,10.77,10.8,10.46,10.74,10.74,1.13%,30322
2024/9/25,10.66,10.66,10.48,10.65,10.65,-0.84%,28443
2024/9/26,10.69,10.77,10.59,10.72,10.72,0.66%,41828
2024/9/27,10.57,10.57,10.43,10.45,10.45,-2.52%,27040
2024/9/30,10.65,10.92,10.64,10.74,10.74,2.78%,48959
2024/10/1,10.28,10.37,10.11,10.19,10.19,-5.12%,252767
2024/10/2,10.2,10.24,10.02,10.08,10.08,-1.08%,34428
2024/10/3,10.143,10.35,10.11,10.35,10.35,2.68%,60564
2024/10/4,10.38,10.45,10.22,10.26,10.26,-0.87%,14136
2024/10/7,10.06,10.3,10.06,10.22,10.22,-0.39%,16866
2024/10/8,9.92,9.92,9.62,9.79,9.79,-4.21%,51618
2024/10/9,9.5,9.53,9.33,9.33,9.33,-4.70%,107267
2024/10/10,9.42,9.62,9.4,9.54,9.54,2.25%,147663
2024/10/11,9.46,9.57,9.41,9.41,9.41,-1.36%,16866
2024/10/14,9.28,9.28,8.99,9.04,9.04,-3.93%,25204
2024/10/15,8.7,8.7,8.42,8.52,8.52,-5.75%,57559
2024/10/16,8.01,8.19,8.01,8.1,8.1,-4.93%,80020
2024/10/17,8.27,8.59,8.204,8.42,8.42,3.95%,254022
2024/10/18,8.345,8.453,8.201,8.22,8.22,-2.38%,20597
2024/10/21,8,8.02,7.91,7.93,7.93,-3.53%,286638
2024/10/22,7.815,8.03,7.775,7.93,7.93,0.00%,66415
2024/10/23,7.97,8.1,7.965,8.06,8.06,1.64%,30216
2024/10/24,7.88,7.968,7.83,7.93,7.93,-1.61%,49063
2024/10/25,7.76,7.9,7.76,7.81,7.81,-1.51%,29841
2024/10/28,7.63,7.64,7.5,7.53,7.53,-3.59%,38180
2024/10/29,7.9,7.92,7.75,7.87,7.87,4.52%,32437
2024/10/30,7.54,7.7,7.42,7.48,7.48,-4.96%,74865
2024/10/31,7.6,7.63,7.44,7.48,7.48,0.00%,66617
2024/11/1,7.4,7.53,7.4,7.47,7.47,-0.13%,23432
2024/11/4,7.52,7.79,7.52,7.78,7.78,4.15%,46025
2024/11/5,7.8,8.06,7.76,7.85,7.85,0.90%,68234
2024/11/6,7.77,7.77,7.65,7.65,7.65,-2.55%,33817
2024/11/7,7.8,7.916,7.8,7.89,7.89,3.14%,32662
2024/11/8,8.1,8.18,8.02,8.15,8.15,3.30%,49744
2024/11/11,8.5,8.61,8.43,8.46,8.46,3.80%,97250
2024/11/12,8.55,8.65,8.28,8.3,8.3,-1.89%,132369
2024/11/13,8.35,8.51,8.35,8.49,8.49,2.29%,25760
2024/11/14,8.5,8.5,8.27,8.45,8.45,-0.47%,43973
2024/11/15,8.39,8.55,8.35,8.5,8.5,0.59%,38064
2024/11/18,8.02,8.105,7.88,7.99,7.99,-6.00%,149080
2024/11/19,7.7,7.82,7.5,7.8,7.8,-2.38%,102412
2024/11/20,7.75,7.75,7.657,7.664,7.664,-1.74%,28568
2024/11/21,7.5,7.57,7.41,7.5,7.5,-2.14%,77483
2024/11/22,7.32,7.32,7.2,7.23,7.23,-3.60%,359203
2024/11/25,7.25,7.5,7.25,7.451,7.451,3.06%,72808
2024/11/26,7.25,7.41,7.25,7.41,7.41,-0.55%,31949
2024/11/27,6.99,6.99,6.7,6.8,6.8,-8.23%,428421
2024/11/29,6.57,6.69,6.51,6.65,6.65,-2.21%,205719
2024/12/2,6.4,6.44,6.264,6.35,6.35,-4.51%,214471
2024/12/3,6.27,6.46,6.225,6.35,6.35,0.00%,192346
2024/12/4,6.35,6.47,6.306,6.44,6.44,1.42%,195709
2024/12/5,6.53,6.69,6.53,6.62,6.62,2.80%,120855
2024/12/6,6.48,6.51,6.46,6.49,6.49,-1.96%,58416
2024/12/9,6.22,6.28,6.2,6.2,6.2,-4.47%,266294
2024/12/10,6.15,6.15,6.005,6.02,6.02,-2.90%,101606
2024/12/11,5.89,5.89,5.71,5.71,5.71,-5.15%,484174
2024/12/12,5.71,5.93,5.71,5.9,5.9,3.33%,520823
2024/12/13,6,6.139,6,6.1,6.1,3.39%,149412
2024/12/16,6.2,6.25,6.05,6.07,6.07,-0.49%,161528
2024/12/17,5.9,5.97,5.775,5.85,5.85,-3.62%,211314
2024/12/18,5.94,6.11,5.94,6.06,6.06,3.59%,89817
2024/12/19,6.01,6.03,5.99,6.01,6.01,-0.83%,56401
2024/12/20,6.06,6.26,6.06,6.22,6.22,3.49%,103155
2024/12/23,6.29,6.32,6.224,6.25,6.25,0.48%,121777
2024/12/24,6.19,6.19,6.12,6.13,6.13,-1.92%,77277
2024/12/26,6.1,6.13,6.05,6.065,6.065,-1.06%,72894
2024/12/27,6.076,6.1,6.05,6.1,6.1,0.58%,37034
2024/12/30,5.96,5.99,5.88,5.92,5.92,-2.95%,71690
2024/12/31,5.95,6.12,5.95,6.08,6.08,2.70%,32579
2025/1/2,6.21,6.27,6.12,6.25,6.25,2.80%,44165
2025/1/3,6.28,6.38,6.26,6.26,6.26,0.16%,123011
2025/1/6,5.99,6,5.7,5.82,5.82,-7.03%,393585
2025/1/7,5.68,5.72,5.5,5.63,5.63,-3.26%,380129
2025/1/8,5.6,5.63,5.5,5.55,5.55,-1.42%,181530
2025/1/10,6.07,6.97,6.01,6.7,6.7,20.72%,173656
2025/1/13,6.05,6.05,5.77,5.84,5.84,-12.84%,247940
2025/1/14,5.915,6.15,5.907,6.13,6.13,4.97%,132749
2025/1/15,5.95,6.14,5.84,5.89,5.89,-3.92%,160990
2025/1/16,5.8,5.8,5.72,5.73,5.73,-2.72%,102539
2025/1/17,5.7,5.73,5.64,5.72,5.72,-0.17%,99717
2025/1/21,5.53,5.62,5.458,5.61,5.61,-1.92%,329839
2025/1/22,5.42,5.44,5.235,5.28,5.28,-5.88%,727031
2025/1/23,5.18,5.249,5.1,5.14,5.14,-2.65%,420551
2025/1/24,5.13,5.21,5.06,5.14,5.14,0.00%,659191
2025/1/27,5.28,5.35,5.15,5.32,5.32,3.50%,351562
2025/1/28,5.32,5.33,5.26,5.28,5.28,-0.75%,354319
2025/1/29,5.29,5.39,5.26,5.32,5.32,0.76%,421387
2025/1/30,5.45,5.54,5.41,5.49,5.49,3.20%,490937
2025/1/31,5.71,5.78,5.69,5.77,5.77,5.10%,389154
2025/2/3,5.66,5.66,5.44,5.47,5.47,-5.20%,265547
2025/2/4,5.88,5.92,5.8,5.87,5.87,7.31%,210291
2025/2/5,6,6,5.87,5.99,5.99,2.04%,177918
2025/2/6,5.87,5.87,5.721,5.8,5.8,-3.17%,198520
2025/2/7,5.84,5.86,5.79,5.86,5.86,1.03%,103235
2025/2/10,5.75,5.8,5.7,5.78,5.78,-1.37%,131573
2025/2/11,5.7,5.7,5.55,5.68,5.68,-1.73%,194136
2025/2/12,5.5,5.53,5.4,5.51,5.51,-2.99%,359666
2025/2/13,5.6,5.62,5.5,5.5,5.5,-0.18%,237079
2025/2/14,5.61,5.73,5.604,5.64,5.64,2.55%,173992
2025/2/18,6,6.11,5.96,6.08,6.08,7.80%,434826
2025/2/19,6.05,6.154,5.91,5.99,5.99,-1.48%,313676
2025/2/20,6.26,6.48,6.22,6.45,6.45,7.68%,504867
2025/2/21,6.3,6.345,6.25,6.32,6.32,-2.02%,229346
2025/2/24,6.22,6.22,6.05,6.09,6.09,-3.64%,304128
2025/2/25,6.31,6.34,6.21,6.26,6.26,2.79%,166826
2025/2/26,6.35,6.42,6.22,6.4,6.4,2.24%,334481
2025/2/27,6.28,6.28,6.14,6.17,6.17,-3.59%,117327
2025/2/28,6.44,6.44,6.34,6.4,6.4,3.73%,110115
2025/3/3,6.3,6.35,6.15,6.15,6.15,-3.91%,118098
2025/3/4,5.97,6.08,5.878,6,6,-2.44%,168570
2025/3/5,6.23,6.29,6.11,6.29,6.29,4.83%,340530
2025/3/6,6.41,6.5,6.4,6.5,6.5,3.34%,172444
2025/3/7,6.6,6.6,6.53,6.57,6.57,1.08%,148784
2025/3/10,6.57,6.7,6.52,6.55,6.55,-0.30%,281308
2025/3/11,6.54,6.7,6.53,6.68,6.68,1.98%,194336
2025/3/12,7.05,7.2,7.01,7.14,7.14,6.89%,436080
2025/3/13,7.06,7.095,6.78,6.85,6.85,-4.06%,178336
2025/3/14,6.98,6.996,6.897,6.95,6.95,1.46%,117274
2025/3/17,6.96,6.96,6.66,6.86,6.86,-1.29%,201198
2025/3/18,6.65,6.76,6.54,6.73,6.73,-1.90%,385366
2025/3/19,6.56,6.56,6.38,6.5,6.5,-3.42%,158603
2025/3/20,6.67,6.85,6.622,6.775,6.775,4.23%,110960
2025/3/21,6.77,6.954,6.77,6.91,6.91,1.99%,125251
2025/3/24,6.83,6.83,6.67,6.75,6.75,-2.32%,91229
2025/3/25,6.67,6.725,6.5,6.51,6.51,-3.56%,156457
2025/3/26,6.49,6.508,6.37,6.4,6.4,-1.69%,112475
2025/3/27,6.38,6.48,6.34,6.35,6.35,-0.78%,73919
2025/3/28,6.43,6.443,6.16,6.36,6.36,0.16%,158397
2025/3/31,6.26,6.3,6.21,6.25,6.25,-1.73%,106972
2025/4/1,6.4,6.55,6.37,6.5,6.5,4.00%,69259
2025/4/2,6.45,6.54,6.34,6.37,6.37,-2.00%,66935
2025/4/3,6.19,6.19,5.93,6.02,6.02,-5.49%,419485
2025/4/4,5.76,5.85,5.56,5.62,5.62,-6.64%,611765
2025/4/7,5.27,5.547,5.25,5.38,5.38,-4.27%,592466
2025/4/8,5.45,5.45,5.315,5.36,5.36,-0.37%,245556
2025/4/9,5.22,5.45,5.109,5.33,5.33,-0.56%,435933
2025/4/10,5.57,5.64,5.45,5.6,5.6,5.07%,284577
2025/4/11,5.6,5.71,5.53,5.63,5.63,0.54%,83205
2025/4/14,5.82,5.87,5.71,5.75,5.75,2.13%,220800
2025/4/15,5.76,5.76,5.681,5.69,5.69,-1.04%,57706