Date,2024-12-31,2024-09-30,2024-06-30,2024-03-31,2023-12-31,2023-09-30,2023-06-30,2023-03-31,2022-12-31,2022-09-30,2022-06-30,2022-03-31,2021-12-31,2021-09-30,2021-06-30,2021-03-31,2020-12-31,2020-09-30,2020-06-30,2020-03-31,2019-12-31,2019-09-30,2019-06-30,2019-03-31,2018-12-31,2018-09-30,2018-06-30,2018-03-31,2017-12-31,2017-09-30,2017-06-30,2017-03-31,2016-12-31,2016-09-30,2016-06-30,2016-03-31,2015-12-31,2015-09-30,2015-06-30,2015-03-31
Revenue,2932,3188,2986,2930,2997,3191,3034,3200,3175,3570,3189,2945,2994,2841,2605,2502,2375,2320,2065,2216,2255,2283,2224,2188,2224,2299,2259,2156,2217,2203,2122,1980,1883,1946,1915,1777,1866,379,2470,2415
Revenue Growth,-2.20%,-0.12%,-1.60%,-8.43%,-5.59%,-10.61%,-4.87%,8.66%,6.03%,25.66%,22.44%,17.71%,26.06%,22.46%,26.12%,12.89%,5.34%,1.62%,-7.14%,1.31%,1.38%,-0.68%,-1.55%,1.48%,0.33%,4.35%,6.46%,8.87%,17.75%,13.24%,10.83%,11.40%,0.87%,413.60%,-22.50%,-26.39%,-27.12%,-85.85%,-6.24%,-6.48%
Cost of Revenue,2017,2104,2006,1992,2067,2207,2071,2283,2272,2621,2342,2152,2224,2006,1802,1746,1632,1567,1345,1460,1487,1491,1466,1475,1544,1566,1545,1507,1572,1545,1486,1404,1317,1348,1320,1213,1296,355,1715,1698
Gross Profit,915,1083,980,939,930,984,963,917,902,949,847,794,771,835,803,757,743,754,720,756,768,792,758,713,680,733,714,649,645,658,636,576,566,597,594,564,570,24,755,716
"Selling, General & Admin",272,228,235,241,238,233,239,251,234,224,217,227,233,202,213,210,203,196,177,202,202,182,189,190,190,186,189,195,192,187,184,178,165,174,168,168,174,34,242,240
Research & Development,22,22,27,25,26,25,29,27,24,31,25,24,23,26,23,21,24,27,20,19,18,23,18,17,15,20,15,15,15,13,15,15,15,18,19,18,17,-28,33,36
Operating Expenses,271,234,242,302,263,246,319,458,250,322,220,232,248,218,226,208,204,193,181,179,207,160,217,197,225,199,198,194,184,201,377,181,238,201,200,193,198,25,330,339
Other Operating Expenses,-23,-16,-20,36,-1,-12,51,179,-8,67,-22,-19,-9,-10,-11,-23,-23,-29,-16,-42,-12,-45,11,-10,20,-7,-6,-15,-22,0,179,-12,58,9,13,7,7,19,55,63
Operating Income,644,849,738,637,667,739,644,460,652,627,627,562,523,617,577,549,539,560,539,577,561,632,541,517,455,534,516,455,461,457,259,396,328,396,395,372,373,-1,425,377
Interest Expense / Income,43,50,56,60,54,48,47,41,41,33,33,32,31,33,36,36,37,39,32,19,19,30,34,35,37,35,35,30,30,31,30,31,30,32,35,26,22,22,28,23
Other Expense / Income,-157,-1689,-155,-126,-131,-156,-138,-142,-98,-120,-122,-124,-181,-152,-94,-83,-94,-66,-49,-68,-54,-32,-91,-48,-62,-24,-100,-48,-16,-41,38,-1859,-79,-127,-133,726,-110,-369,-26,-24
Pretax Income,758,2488,837,703,745,847,735,561,709,714,716,653,674,736,635,595,596,587,556,626,596,634,597,529,480,522,581,473,446,467,191,2225,378,491,493,-380,460,346,423,378
Income Tax,141,538,141,131,135,154,140,121,136,131,134,123,113,125,102,122,114,100,109,149,121,131,109,108,132,69,107,56,292,-1,89,95,78,97,146,94,96,1,104,88
Net Income,617,1950,697,572,609,693,596,440,572,583,582,531,560,610,534,473,482,487,447,478,476,503,488,421,348,453,474,416,155,469,102,2130,300,394,347,-473,364,345,319,290
Preferred Dividends,0,0,0,0,0,0,0,0,0,0,0,0,0,0,0,0,0,0,0,0,0,0,0,0,0,0,0,0,0,0,0,0,0,0,0,0,0,0,0,0
Net Income Common,617,1950,697,572,609,693,596,440,572,583,582,531,560,610,534,473,482,487,447,478,476,503,488,421,348,453,474,416,155,469,102,2130,300,394,347,-473,364,345,319,290
Net Income Growth,1.33%,181.53%,16.96%,30.15%,6.48%,18.78%,2.32%,-17.10%,2.11%,-4.47%,9.09%,12.13%,16.27%,25.39%,19.51%,-0.98%,1.35%,-3.26%,-8.50%,13.41%,36.86%,11.11%,2.98%,1.18%,124.77%,-3.37%,365.06%,-80.45%,-48.43%,18.96%,-70.62%,0,-17.55%,14.37%,8.78%,0,12.02%,231.25%,1.53%,2.29%
Shares Outstanding (Basic),223,223,223,223,223,222,222,222,222,222,222,222,222,222,222,222,222,222,221,221,221,221,221,220,220,219,220,219,219,218,218,218,218,217,217,216,216,215,215,215
Shares Outstanding (Diluted),223,223,223,223,223,223,223,223,223,223,223,223,223,223,223,223,223,222,222,222,222,222,222,221,221,221,221,221,220,220,220,220,220,219,219,218,218,218,217,217
Shares Change,0.05%,0.05%,0,0,0.09%,0.09%,0.14%,0.09%,0,0,0,0,0,0.09%,0.05%,0.09%,0.18%,0.05%,0.23%,0.41%,0.54%,0.50%,0.45%,0.27%,0.27%,0.59%,0.50%,0.50%,0.32%,0.27%,0.60%,0.83%,0.97%,0.74%,0.51%,0.23%,0.46%,0.69%,0.93%,1.16%
EPS (Basic),2.77,8.77,3.13,2.57,2.74,3.12,2.68,1.98,2.58,2.62,2.62,2.39,2.53,2.75,2.41,2.13,2.18,2.20,2.02,2.16,2.15,2.28,2.21,1.91,1.58,2.07,2.16,1.90,0.71,2.14,0.47,9.78,1.38,1.82,1.60,-2.19,1.68,1.60,1.48,1.35
EPS (Diluted),2.77,8.75,3.13,2.57,2.73,3.11,2.67,1.97,2.57,2.62,2.62,2.38,2.52,2.74,2.40,2.13,2.17,2.19,2.01,2.15,2.14,2.26,2.20,1.90,1.57,2.05,2.15,1.89,0.70,2.13,0.46,9.70,1.37,1.80,1.59,-2.17,1.67,1.58,1.47,1.33
EPS Growth,1.47%,181.35%,17.23%,30.46%,6.23%,18.70%,1.91%,-17.23%,1.98%,-4.38%,9.17%,11.74%,16.13%,25.11%,19.40%,-0.93%,1.40%,-3.10%,-8.64%,13.16%,36.31%,10.24%,2.33%,0.53%,124.29%,-3.76%,367.39%,-80.52%,-48.91%,18.33%,-71.07%,0.00%,-17.96%,13.92%,8.16%,0.00%,11.33%,229.17%,0.69%,0.76%
Free Cash Flow Per Share,-5.86,-5.03,-1.55,-3.90,-3.68,-2.07,-2.15,-1.66,-0.52,0.77,0.91,-1.13,0.55,0.95,1.39,1.09,0.50,3.56,-1.54,0.40,0.99,2.20,0.79,0.32,1.15,1.28,0.75,1.05,1.39,3.13,2.19,-0.03,1.54,2.44,1.86,1.25,0.69,0.74,1.71,1.48
Dividend Per Share,1.77,1.77,0.00,1.77,1.75,1.75,1.75,1.75,1.62,1.62,1.62,1.62,1.50,1.50,1.50,1.50,1.34,1.34,1.34,1.34,1.16,1.16,1.16,1.16,1.10,1.10,1.10,1.10,1.90,0.00,0.95,0.95,1.72,0.00,0.86,0.86,0.81,0.81,0.81,0.81
Dividend Growth,1.14%,1.14%,0.00,1.14%,8.03%,8.03%,8.03%,8.03%,8.00%,8.00%,8.00%,8.00%,11.94%,11.94%,11.94%,11.94%,15.52%,15.52%,15.52%,15.52%,5.46%,5.46%,5.46%,5.46%,-42.11%,0.00,15.79%,15.79%,10.47%,0.00,10.47%,10.47%,112.35%,0.00,6.17%,6.17%,5.20%,5.20%,5.20%,5.20%
Gross Margin,31.21%,33.98%,32.82%,32.04%,31.03%,30.84%,31.75%,28.67%,28.43%,26.58%,26.56%,26.94%,25.74%,29.38%,30.82%,30.24%,31.27%,32.48%,34.88%,34.12%,34.07%,34.71%,34.08%,32.59%,30.58%,31.89%,31.59%,30.12%,29.09%,29.87%,29.97%,29.11%,30.06%,30.70%,31.04%,31.75%,30.56%,6.26%,30.56%,29.67%
Operating Margin,21.96%,26.63%,24.71%,21.75%,22.25%,23.14%,21.23%,14.37%,20.54%,17.55%,19.67%,19.08%,17.47%,21.71%,22.16%,21.92%,22.70%,24.15%,26.11%,26.04%,24.88%,27.69%,24.31%,23.61%,20.46%,23.22%,22.83%,21.13%,20.78%,20.76%,12.19%,19.98%,17.44%,20.38%,20.61%,20.91%,19.96%,-0.21%,17.20%,15.61%
Profit Margin,21.06%,61.17%,23.33%,19.54%,20.33%,21.70%,19.63%,13.74%,18.02%,16.33%,18.25%,18.01%,18.72%,21.49%,20.49%,18.91%,20.29%,20.98%,21.62%,21.56%,21.09%,22.04%,21.94%,19.26%,15.63%,19.70%,20.98%,19.32%,6.98%,21.28%,4.80%,107.57%,15.93%,20.25%,18.11%,-26.63%,19.48%,90.95%,12.91%,12.01%
Free Cash Flow Margin,-44.55%,-35.08%,-11.56%,-29.61%,-27.32%,-14.43%,-15.72%,-11.51%,-3.62%,4.76%,6.36%,-8.49%,4.06%,7.39%,11.85%,9.67%,4.65%,33.95%,-16.46%,4.00%,9.73%,21.22%,7.80%,3.22%,11.32%,12.21%,7.29%,10.67%,13.69%,30.96%,22.51%,-0.31%,17.80%,27.23%,21.07%,15.15%,7.97%,41.90%,14.87%,13.19%
Effective Tax Rate,18.56%,21.64%,16.79%,18.57%,18.18%,18.21%,18.99%,21.58%,19.25%,18.30%,18.74%,18.78%,16.82%,17.03%,16.01%,20.49%,19.11%,17.03%,19.67%,23.71%,20.24%,20.68%,18.30%,20.33%,27.54%,13.25%,18.43%,11.89%,65.37%,-0.28%,46.71%,4.25%,20.73%,19.72%,29.61%,0.00%,20.96%,0.38%,24.62%,23.22%
EBITDA,1168,2919,1253,1124,1147,1252,1123,941,1071,1079,1086,1021,1037,1102,1007,960,956,936,879,940,904,958,901,826,775,815,862,743,704,729,438,2467,614,736,741,-140,697,525,684,634
EBITDA Margin,39.83%,91.57%,41.98%,38.35%,38.28%,39.24%,37.00%,29.42%,33.75%,30.22%,34.06%,34.68%,34.62%,38.78%,38.65%,38.39%,40.26%,40.36%,42.54%,42.43%,40.10%,41.96%,40.50%,37.77%,34.84%,35.44%,38.14%,34.47%,31.77%,33.10%,20.64%,124.58%,32.61%,37.81%,38.72%,-7.89%,37.34%,138.49%,27.69%,26.28%
Depreciation & Amortization,367,381,360,361,349,357,340,340,322,333,337,336,332,333,336,329,324,311,291,295,289,294,269,262,258,257,246,240,228,231,217,212,206,213,214,214,215,157,233,233
EBIT,801,2538,893,763,798,895,783,602,750,746,749,686,704,769,671,631,633,626,588,646,615,665,632,564,517,558,616,503,476,498,221,2255,408,523,528,-354,482,368,451,401
EBIT Margin,27.31%,79.62%,29.91%,26.03%,26.63%,28.04%,25.80%,18.80%,23.62%,20.90%,23.49%,23.28%,23.52%,27.07%,25.76%,25.22%,26.63%,26.98%,28.47%,29.13%,27.28%,29.10%,28.40%,25.79%,23.24%,24.25%,27.26%,23.33%,21.48%,22.61%,10.42%,113.88%,21.66%,26.88%,27.57%,-19.92%,25.84%,97.12%,18.26%,16.61%
Cash & Equivalents,1846,2980,2376,2535,1963,1617,1638,2242,3131,2711,2957,2349,2954,4469,4292,5786,5788,5253,3921,2220,2406,2249,2697,2736,2923,2791,2987,3067,2723,3274,2333,1869,656,1293,515,313,279,206,215,196
Short-TermInvestments,118,5,62,103,272,332,269,271,20,591,358,849,729,1332,1525,409,412,1105,2516,0,0,166,0,3,12,185,7,137,407,404,1016,1423,0,0,0,0,0,0,0,0
Cash & Cash Equivalents,1963,2985,2438,2638,2234,1949,1906,2514,3151,3302,3315,3198,3682,5801,5817,6196,6200,6358,6437,2220,2406,2415,2697,2739,2936,2976,2994,3204,3130,3678,3349,3293,656,1293,515,313,279,206,215,196
Cash Growth,-12.15%,53.12%,27.86%,4.94%,-29.08%,-40.96%,-42.49%,-21.39%,-14.44%,-43.08%,-43.01%,-48.39%,-40.61%,-8.76%,-9.64%,179.06%,157.68%,163.30%,138.69%,-18.93%,-18.04%,-18.86%,-9.92%,-14.53%,-6.20%,-19.08%,-10.60%,-2.69%,377.45%,184.38%,550.49%,951.58%,134.86%,526.55%,139.11%,59.99%,16.88%,-38.68%,-36.23%,-45.17%
Receivables,2448,2432,2314,2435,2499,2423,2605,2338,2370,2310,2359,2349,2179,2002,1981,1934,2008,1758,1973,1939,1815,1738,1713,1646,1676,1581,1636,1721,1691,1662,1616,1607,1634,1749,2154,1963,1775,1861,2142,2111
Inventory,739,766,756,721,709,652,664,646,635,514,514,508,487,454,447,430,423,405,411,400,401,388,408,408,403,396,322,340,347,335,293,323,331,255,611,650,666,658,682,693
Other Current Assets,202,180,171,263,207,177,179,225,165,157,179,196,135,119,132,207,179,165,186,130,98,77,97,102,75,130,104,131,188,202,89,72,929,1020,99,106,59,69,63,115
Total Current Assets,5352,6363,5677,6057,5650,5201,5354,5722,6321,6283,6367,6249,6484,8376,8377,8767,8810,8685,9007,4689,4720,4618,4915,4895,5090,5082,5056,5396,5356,5877,5347,5294,3549,4317,3379,3031,2779,2794,3102,3115
"Property, Plant & Equipment",25748,24419,22464,20999,19914,18446,17484,16465,15794,14855,14132,14095,13625,13255,13036,12628,12517,11965,11469,10624,10692,10338,10428,10194,9960,9924,9902,8818,8632,8440,8317,8198,8030,8260,8799,8854,9619,8745,9721,9486
Long-Term Investments,6353,6405,6365,6427,6290,5930,5831,4982,3971,3937,3981,4116,4054,2390,2342,2327,2337,2249,2167,2155,2223,2166,2229,2254,2228,2291,2318,2434,2384,2419,2384,2444,2417,2505,2516,2556,2582,2616,2619,2598
Goodwill and Intangibles,1154,1217,1190,1202,1239,1196,1251,1251,1239,1171,1244,1332,1342,1332,1376,1364,1376,1327,1180,1163,1232,1217,1262,1231,1197,1227,1243,1259,1220,1090,1069,1205,1188,1233,1626,1651,1606,1640,1705,1709
Other Long-Term Assets,1410,1172,1278,1236,1026,1230,1011,1016,953,947,1765,1657,1622,1507,1123,1073,1048,943,960,870,785,604,699,671,667,655,688,604,618,642,737,730,772,1713,764,719,674,1540,524,587
Total Long-Term Assets,34666,33212,31297,29864,28469,26802,25576,23714,21957,20910,21122,21200,20642,18483,17875,17392,17278,16484,15776,14813,14932,14325,14617,14349,14052,14096,14151,13115,12853,12591,12507,12577,12407,13711,13705,13780,14481,14541,14569,14379
Total Assets,40017,39575,36974,35922,34118,32003,30930,29435,28278,27193,27489,27450,27125,26859,26252,26159,26088,25169,24782,19501,19652,18943,19532,19245,19142,19178,19206,18511,18209,18467,17854,17872,15956,18029,17084,16811,17260,17335,17672,17494
Accounts Payable,3024,2926,3169,2783,2718,2890,3062,2489,2552,2772,2544,2407,2311,2218,2118,2042,1962,1833,1669,1649,1630,1636,1543,1514,1738,1818,1968,1552,1610,1814,1534,1491,1678,1652,1778,1471,1534,1642,1701,1607
Deferred Revenue,0,0,0,0,0,0,0,0,0,0,0,0,0,0,0,0,0,0,0,0,0,0,0,0,0,0,0,0,0,0,0,0,0,0,0,0,0,0,0,0
Current Debt,1200,695,1150,1122,234,875,777,180,565,559,755,693,200,487,500,889,915,478,839,67,76,99,546,489,453,461,95,124,98,560,559,543,1029,1301,1758,2245,1947,1930,1173,1419
Total Current Liabilities,4809,4180,4475,4061,3119,3896,3948,2798,3277,3466,3407,3205,2630,2799,2697,3017,2986,2417,2591,1807,1819,1821,2155,2073,2304,2338,2110,1752,1832,2489,2433,2602,2930,3283,3659,3839,3572,3644,2919,3081
Other Current Liabilities,586,559,156,156,167,131,109,128,160,135,108,105,120,94,79,87,108,106,84,90,113,87,66,71,112,60,46,77,124,114,340,569,223,330,123,124,92,73,46,56
Long-Term Debt,13926,14211,13522,13152,12508,10062,9251,9593,8120,7678,6832,6748,7178,7150,7166,7116,7092,7430,7359,3245,3266,3227,3273,3302,3315,3352,3776,3442,3415,3402,3367,3300,3289,3910,3926,3573,3871,3949,4691,4512
Total Long-Term Liabilities,16469,16721,15813,15526,14870,12446,11611,11947,10484,10024,9866,9734,10120,9972,10063,10007,10030,10309,10168,5971,5903,5734,5650,5668,5635,5664,6286,6066,6056,5793,5911,5849,5765,7532,6244,5919,6189,6309,6743,6656
Other Long-Term Liabilities,2543,2510,2291,2374,2362,2384,2360,2355,2364,2347,3035,2986,2941,2822,2897,2891,2939,2879,2809,2725,2637,2506,2377,2366,2321,2312,2510,2623,2641,2390,2544,2549,2476,3622,2319,2345,2318,2360,2053,2145
Total Liabilities,21279,20901,20287,19587,17989,16342,15559,14745,13761,13490,13273,12939,12750,12771,12761,13024,13016,12725,12759,7778,7722,7555,7805,7741,7939,8002,8396,7818,7888,8282,8344,8451,8695,10815,9903,9758,9761,9953,9662,9738
Total Debt,15126,14906,14672,14274,12743,10937,10027,9773,8685,8237,7586,7442,7378,7637,7666,8004,8007,7908,8198,3313,3341,3326,3820,3791,3768,3813,3871,3567,3513,3963,3926,3843,4318,5211,5684,5818,5818,5879,5863,5930
Debt Growth,18.70%,36.29%,46.32%,46.05%,46.72%,32.78%,32.18%,31.33%,17.72%,7.85%,-1.04%,-7.03%,-7.85%,-3.42%,-6.49%,141.64%,139.64%,137.76%,114.62%,-12.62%,-11.33%,-12.76%,-1.33%,6.29%,7.25%,-3.79%,-1.40%,-7.20%,-18.64%,-23.95%,-30.93%,-33.94%,-25.77%,-11.36%,-3.06%,-1.89%,-4.45%,-3.91%,-4.45%,-3.84%
Retained Earnings,19767,19546,17990,17690,17510,17290,16987,16781,16731,16520,16298,16076,15905,15678,15400,15200,15061,14876,14687,14537,14357,14138,13892,13662,13498,13410,13200,12967,12792,12847,12584,12693,10772,10476,10269,10109,10769,10580,10411,10267
Comprehensive Income,-2586,-2028,-2391,-2276,-2120,-2449,-2305,-2163,-2218,-2786,-2051,-1506,-1452,-1516,-1682,-1824,-1713,-2140,-2353,-2478,-2089,-2376,-1781,-1745,-1811,-1742,-1878,-1535,-1696,-1847,-2217,-2394,-2612,-2388,-2126,-2047,-2209,-2126,-1578,-1662
Shareholders Equity,16692,17037,15101,14913,14873,14313,14138,14058,13936,13144,13644,13955,13825,13540,13083,12726,12684,12080,11659,11372,11556,11054,11386,11166,10883,10858,10486,10581,10215,10086,9412,9317,7162,7080,7045,6917,7367,7249,7586,7333
Net Cash / Debt,-13163,-11921,-12235,-11636,-10508,-8988,-8121,-7260,-5535,-4935,-4271,-4244,-3696,-1836,-1850,-1809,-1807,-1550,-1761,-1093,-935,-911,-1123,-1052,-832,-837,-877,-363,-384,-285,-577,-551,-3663,-3918,-5169,-5505,-5539,-5673,-5648,-5735
Net Cash / Debt Growth,0,0,0,0,0,0,0,0,0,0,0,0,0,0,0,0,0,0,0,0,0,0,0,0,0,0,0,0,0,0,0,0,0,0,0,0,0,0,0,0
Net Cash Per Share,-59.05,-53.51,-54.91,-52.25,-47.17,-40.36,-36.45,-32.60,-24.86,-22.18,-19.20,-19.07,-16.60,-8.25,-8.31,-8.13,-8.12,-6.97,-7.92,-4.91,-4.21,-4.10,-5.06,-4.75,-3.77,-3.78,-3.97,-1.64,-1.74,-1.30,-2.63,-2.51,-16.67,-17.87,-23.66,-25.26,-25.45,-26.07,-25.98,-26.38
Working Capital,542,2183,1203,1996,2530,1305,1406,2924,3044,2817,2960,3044,3853,5577,5680,5749,5824,6268,6416,2882,2901,2797,2760,2822,2786,2744,2946,3644,3524,3388,2914,2692,619,1034,-280,-808,-793,-851,183,33
Book Value Per Share,74.95,76.57,67.87,67.03,66.85,64.39,63.57,63.24,62.72,59.21,61.46,62.86,62.30,61.10,59.04,57.43,57.26,54.54,52.71,51.41,52.31,50.11,51.61,50.71,49.49,49.51,47.77,48.23,46.67,46.20,43.16,42.76,32.90,32.58,32.53,32.01,34.14,33.69,35.25,34.12
Net Income,617,1950,697,572,609,693,596,440,572,583,582,531,560,610,534,473,482,487,447,478,476,503,488,421,348,453,474,416,155,469,102,2130,300,394,347,-473,364,345,319,290
Depreciation & Amortization,367,381,360,361,349,357,340,340,322,333,337,336,332,333,336,329,324,311,291,295,289,294,269,262,258,257,246,240,228,231,217,212,206,213,214,214,215,157,233,233
Share-Based Compensation,16,16,18,15,14,14,15,15,16,11,11,11,16,10,12,13,10,14,13,13,14,10,10,12,9,8,8,11,12,13,9,10,9,7,8,8,8,2,13,13
Other Operating Activities,-189,-1389,187,-146,-346,-62,-105,-156,-191,30,-22,-357,-123,-127,47,-9,-41,440,25,-214,-112,160,-49,-65,40,-28,23,-121,166,203,425,-2064,59,123,64,744,-189,-131,123,-36
Operating Cash Flow,812,957,1261,802,627,1002,845,639,719,957,908,520,785,826,929,806,775,1252,775,572,667,967,718,631,655,691,750,546,560,915,752,287,574,737,632,493,397,373,687,501
Operating Cash Flow Growth,29.54%,-4.52%,49.21%,25.52%,-12.89%,4.69%,-6.92%,22.87%,-8.39%,15.87%,-2.20%,-35.48%,1.36%,-33.98%,19.87%,40.96%,16.15%,29.49%,7.96%,-9.37%,1.80%,39.87%,-4.35%,15.50%,17.00%,-24.48%,-0.27%,90.31%,-2.49%,24.22%,18.98%,-41.78%,44.59%,97.75%,-8.03%,-1.54%,-18.37%,-38.54%,22.90%,4.60%
Capital Expenditures,-2118,-2075,-1607,-1669,-1446,-1463,-1322,-1007,-834,-787,-706,-770,-664,-616,-620,-564,-664,-464,-1115,-483,-448,-482,-544,-560,-403,-410,-586,-316,-257,-233,-275,-293,-239,-207,-229,-224,-248,-214,-320,-182
Acquisitions,0,0,0,0,0,0,0,-912,0,-8,0,-49,-1667,-1,-16,-50,-20,-183,-2,-16,-7,-16,-15,-108,0,-25,-49,-34,-237,-8,1,0,-9,0,2,-3,1,-4,0,-12
Change in Investments,-94,1903,43,92,-233,-54,-657,-248,576,-218,497,-98,606,201,-1100,12,699,1417,-2509,53,192,-165,8,13,174,-175,140,294,7,635,415,-1421,11,1,6,7,31,40,4,7
Other Investing Activities,29,27,16,17,13,0,56,-53,2,0,0,0,6,2,1,0,3,1,1,0,2,-15,-2,0,3,0,4,-4,6,5,0,0,-2,0,-1,-2,1,4,-6,-1
Investing Cash Flow,-2182,-145,-1548,-1560,-1666,-1517,-1924,-2220,-256,-1013,-208,-917,-1719,-415,-1735,-601,18,771,-3625,-446,-261,-678,-553,-656,-227,-610,-491,-60,-481,399,142,-1714,-238,-206,-222,-221,-216,-174,-322,-188
Dividends Paid,-394,-394,-394,-389,-389,-389,-389,-360,-359,-359,-359,-333,-332,-332,-332,-297,-296,-296,-296,-256,-256,-256,-255,-242,-242,-241,-241,-208,-208,-207,-207,-187,-187,-186,-186,-175,-174,-174,-174,-165
Share Issuance / Repurchase,1,2,1,0,5,5,2,3,14,3,2,1,13,3,3,3,2,11,3,15,6,5,18,41,5,18,6,18,34,30,18,9,11,65,41,25,10,29,15,35
Debt Issued / Paid,426,42,408,1676,1777,1091,799,1003,276,172,314,134,-235,-20,-374,107,3,-410,4881,-24,-13,-457,42,31,-41,-33,-33,18,-449,0,5,-500,-785,-70,-101,-48,-20,25,-106,-9
Other Financing Activities,241,117,121,62,-30,-196,83,43,-17,-4,17,-3,-31,132,2,-10,-16,-26,-45,-3,-7,-2,-5,0,-12,-6,-14,-3,-19,-10,-9,-10,-13,-13,-9,-4,-17,-312,-7,-5
Financing Cash Flow,274,-232,135,1350,1363,511,496,689,-86,-189,-27,-201,-585,-218,-700,-196,-307,-721,4543,-268,-270,-710,-201,-170,-290,-262,-282,-175,-641,-187,-193,-687,-975,-204,-254,-202,-200,-432,-272,-145
Net Cash Flow,-1134,604,-159,572,346,-21,-605,-889,420,-246,609,-605,-1515,177,-1495,-2,535,1332,1701,-186,157,-448,-39,-187,132,-195,-80,344,-551,941,463,1203,-664,987,202,34,73,-9,20,-43
Free Cash Flow,-1306,-1118,-345,-868,-819,-461,-477,-368,-115,170,203,-250,121,210,309,242,111,788,-340,89,219,484,174,71,252,281,165,230,303,682,478,-6,335,530,403,269,149,159,367,319
Free Cash Flow Growth,0,0,0,0,0,0,0,0,0,-19.01%,-34.32%,0,9.86%,-73.35%,0,173.14%,-49.61%,62.61%,0,25.67%,-12.91%,72.57%,5.41%,-69.36%,-17.01%,-58.85%,-65.54%,0,-9.46%,28.75%,18.42%,0,125.20%,233.84%,9.80%,-15.48%,271.07%,-68.78%,280.23%,372.55%
Free Cash Flow Margin,-44.55%,-35.08%,-11.56%,-29.61%,-27.32%,-14.43%,-15.72%,-11.51%,-3.62%,4.76%,6.36%,-8.49%,4.06%,7.39%,11.85%,9.67%,4.65%,33.95%,-16.46%,4.00%,9.73%,21.22%,7.80%,3.22%,11.32%,12.21%,7.29%,10.67%,13.69%,30.96%,22.51%,-0.31%,17.80%,27.23%,21.07%,15.15%,7.97%,41.90%,14.87%,13.19%
Free Cash Flow Per Share,-5.86,-5.03,-1.55,-3.90,-3.68,-2.07,-2.15,-1.66,-0.52,0.77,0.91,-1.13,0.55,0.95,1.39,1.09,0.50,3.56,-1.54,0.40,0.99,2.20,0.79,0.32,1.15,1.28,0.75,1.05,1.39,3.13,2.19,-0.03,1.54,2.44,1.86,1.25,0.69,0.74,1.71,1.48
Market Capitalization,64499,66192,57366,53857,60840,62957,66532,63784,68392,51619,53332,55409,67382,56694,63668,62254,60389,65796,53328,44050,51800,48888,49831,41941,35136,36629,34135,34818,35871,32960,31148,29438,31263,32556,30692,31064,28029,27427,29386,32415
Market Cap Growth,6.01%,5.14%,-13.78%,-15.56%,-11.04%,21.96%,24.75%,15.12%,1.50%,-8.95%,-16.23%,-11.00%,11.58%,-13.83%,19.39%,41.33%,16.58%,34.58%,7.02%,5.03%,47.43%,33.47%,45.98%,20.46%,-2.05%,11.14%,9.59%,18.28%,14.74%,1.24%,1.48%,-5.24%,11.54%,18.70%,4.44%,-4.17%,-9.07%,-1.09%,7.63%,28.65%
Enterprise Value,77661,78113,69601,65493,71349,71945,74653,71044,73927,56554,57603,59653,71077,58530,65517,64063,62196,67345,55088,45142,52735,49799,50954,42993,35969,37466,35012,35181,36254,33245,31725,29988,34926,36474,35861,36569,33568,33100,35034,38150
PE Ratio,16.81,17.29,22.31,21.81,26.03,27.37,30.37,29.30,30.16,22.88,23.36,24.79,30.94,27.01,32.23,32.97,31.90,34.87,28.02,22.65,27.44,27.78,29.15,24.74,20.78,24.46,22.55,30.50,12.56,10.99,10.65,9.29,55.11,51.59,52.77,56.11,21.28,21.46,28.33,31.39
PS Ratio,5.36,5.47,4.74,4.43,4.90,5.00,5.13,4.86,5.31,4.07,4.46,4.87,6.16,5.49,6.50,6.72,6.73,7.43,6.05,4.91,5.79,5.48,5.58,4.68,3.93,4.10,3.86,4.00,4.21,4.03,3.93,3.81,4.16,4.34,5.17,4.79,3.93,3.51,2.90,3.15
PB Ratio,3.86,3.89,3.80,3.61,4.09,4.40,4.71,4.54,4.91,3.93,3.91,3.97,4.87,4.19,4.87,4.89,4.76,5.45,4.57,3.87,4.48,4.42,4.38,3.76,3.23,3.37,3.26,3.29,3.51,3.27,3.31,3.16,4.37,4.60,4.36,4.49,3.81,3.78,3.87,4.42
P/FCF Ratio,-17.73,-21.01,-23.02,-20.52,-28.63,-44.31,-84.21,-577.76,8768.26,211.47,187.79,142.11,76.40,65.09,43.95,77.79,93.35,87.07,117.88,45.61,54.66,49.88,64.17,54.64,37.90,37.42,24.73,20.56,24.62,22.14,23.31,23.32,20.33,24.10,31.32,32.91,28.22,31.01,23.81,33.64
P/OCF Ratio,16.83,18.15,15.54,16.44,19.54,19.64,21.05,19.79,22.03,16.28,17.55,18.11,20.14,17.00,16.93,17.26,17.91,20.15,17.90,15.07,17.37,16.46,18.49,15.38,13.30,14.38,12.32,12.56,14.27,13.04,13.25,13.20,12.83,14.41,16.20,15.93,14.32,13.40,12.89,15.06
Debt/Equity,0.91,0.87,0.97,0.96,0.86,0.76,0.71,0.70,0.62,0.63,0.56,0.53,0.53,0.56,0.59,0.63,0.63,0.65,0.70,0.29,0.29,0.30,0.34,0.34,0.35,0.35,0.37,0.34,0.34,0.39,0.42,0.41,0.60,0.74,0.81,0.84,0.79,0.81,0.77,0.81
Quick Ratio,0.92,1.30,1.06,1.25,1.52,1.12,1.14,1.73,1.68,1.62,1.67,1.73,2.23,2.79,2.89,2.69,2.75,3.36,3.25,2.30,2.32,2.28,2.05,2.12,2.00,1.95,2.19,2.81,2.63,2.15,2.04,1.88,0.78,0.93,0.73,0.59,0.58,0.57,0.81,0.75
Current Ratio,1.11,1.52,1.27,1.49,1.81,1.34,1.36,2.05,1.93,1.81,1.87,1.95,2.47,2.99,3.11,2.91,2.95,3.59,3.48,2.60,2.60,2.54,2.28,2.36,2.21,2.17,2.40,3.08,2.92,2.36,2.20,2.03,1.21,1.32,0.92,0.79,0.78,0.77,1.06,1.01
Return on Invested Capital (ROIC),7.30%,7.34%,7.67%,7.51%,7.36%,7.97%,7.95%,8.01%,8.86%,8.95%,9.01%,8.82%,8.81%,8.82%,8.78%,8.54%,8.58%,8.93%,9.18%,12.47%,12.10%,11.71%,10.82%,10.86%,11.02%,9.85%,10.03%,8.18%,8.27%,8.79%,8.21%,9.38%,10.70%,10.27%,7.41%,7.74%,6.85%,7.10%,7.59%,7.64%
Dividend Yield,1.80%,1.80%,2.00%,2.90%,2.60%,2.40%,2.30%,2.30%,2.10%,2.70%,2.60%,2.40%,2.00%,2.30%,2.00%,2.00%,2.00%,1.70%,2.10%,2.40%,2.00%,2.10%,2.00%,2.30%,2.70%,3.10%,2.60%,2.50%,2.30%,2.40%,2.50%,2.60%,2.40%,1.70%,2.40%,2.30%,2.50%,2.50%,2.30%,2.10%
Payout Ratio,63.90%,20.20%,0.00%,68.90%,63.90%,56.10%,65.30%,88.40%,62.80%,61.80%,61.80%,67.80%,59.30%,54.50%,62.20%,70.40%,61.50%,60.90%,66.30%,62.00%,54.00%,50.90%,52.50%,60.70%,69.60%,53.10%,50.90%,57.90%,267.60%,0.00%,202.10%,9.70%,124.60%,0.00%,53.70%,-39.30%,48.20%,50.60%,54.70%,60.00%
Buyback Yield,-0.04%,-0.04%,-0.04%,-0.09%,-0.09%,-0.09%,-0.13%,-0.09%,-0.14%,-0.18%,-0.18%,-0.18%,-0.18%,-0.09%,-0.04%,-0.09%,-0.18%,-0.05%,-0.23%,-0.41%,-0.54%,-0.50%,-0.45%,-0.27%,-0.27%,-0.59%,-0.50%,-0.50%,-0.32%,-0.27%,-0.59%,-0.83%,-0.97%,-0.74%,-0.51%,-0.23%,-0.46%,-0.69%,-0.93%,-1.16%
Total Return,1.76%,1.76%,1.96%,2.81%,2.51%,2.31%,2.17%,2.21%,1.96%,2.52%,2.42%,2.22%,1.82%,2.21%,1.96%,1.91%,1.82%,1.65%,1.87%,1.99%,1.46%,1.60%,1.55%,2.03%,2.43%,2.51%,2.10%,2.00%,1.98%,2.13%,1.91%,1.77%,1.43%,0.96%,1.89%,2.07%,2.04%,1.81%,1.37%,0.94%
,0.00%,0.00%,0.00%,0.00%,0.00%,0.00%,0.00%,0.00%,0.00%,0.00%,0.00%,0.00%,0.00%,0.00%,0.00%,0.00%,0.00%,0.00%,0.00%,0.00%,0.00%,0.00%,0.00%,0.00%,0.00%,0.00%,0.00%,0.00%,0.00%,0.00%,0.00%,0.00%,0.00%,0.00%,0.00%,0.00%,0.00%,0.00%,0.00%,0.00%
,0.00%,0.00%,0.00%,0.00%,0.00%,0.00%,0.00%,0.00%,0.00%,0.00%,0.00%,0.00%,0.00%,0.00%,0.00%,0.00%,0.00%,0.00%,0.00%,0.00%,0.00%,0.00%,0.00%,0.00%,0.00%,0.00%,0.00%,0.00%,0.00%,0.00%,0.00%,0.00%,0.00%,0.00%,0.00%,0.00%,0.00%,0.00%,0.00%,0.00%
,0.00%,0.00%,0.00%,0.00%,0.00%,0.00%,0.00%,0.00%,0.00%,0.00%,0.00%,0.00%,0.00%,0.00%,0.00%,0.00%,0.00%,0.00%,0.00%,0.00%,0.00%,0.00%,0.00%,0.00%,0.00%,0.00%,0.00%,0.00%,0.00%,0.00%,0.00%,0.00%,0.00%,0.00%,0.00%,0.00%,0.00%,0.00%,0.00%,0.00%
