Date,2024-12-31,2024-09-30,2024-06-30,2024-03-31,2023-12-31,2023-09-30,2023-06-30,2023-03-31,2022-12-31,2022-09-30,2022-06-30,2022-03-31,2021-12-31,2021-09-30,2021-06-30,2021-03-31,2020-12-31,2020-09-30,2020-06-30,2020-03-31,2019-12-31,2019-09-30,2019-06-30,2019-03-31,2018-12-31,2018-09-30,2018-06-30,2018-03-31,2017-12-31,2017-09-30,2017-06-30,2017-03-31,2016-12-31,2016-09-30,2016-05-31,2016-03-31,2015-11-30,2015-08-31,2015-05-31,2015-02-28
Revenue,2515,2602,2569,2420,2434,2476,2452,2292,2253,2285,2281,2156,2194,2202,2137,1990,1930,1918,1672,1904,1988,1106,935,883,881,858,833,795,1054,1039,962,920,1251,952,747,626,722,749,707,665
Revenue Growth,3.35%,5.08%,4.74%,5.57%,8.03%,8.33%,7.52%,6.32%,2.69%,3.77%,6.71%,8.35%,13.67%,14.84%,27.84%,4.54%,-2.90%,73.41%,78.79%,115.57%,125.74%,28.95%,12.24%,11.08%,-16.48%,-17.45%,-13.41%,-13.57%,-15.73%,9.14%,28.80%,46.87%,73.19%,27.12%,5.73%,-5.82%,3.59%,6.23%,4.83%,7.87%
Cost of Revenue,952,947,938,922,922,916,942,948,928,931,962,957,968,944,936,925,922,901,894,934,1039,428,302,305,313,265,265,252,509,494,469,456,625,470,346,248,271,273,254,250
Gross Profit,1563,1655,1630,1498,1512,1560,1511,1345,1325,1354,1319,1199,1226,1258,1201,1065,1008,1017,778,970,949,678,633,578,567,593,569,543,545,545,493,464,626,482,401,378,452,476,452,415
"Selling, General & Admin",1003,1179,1058,1046,1015,1002,1014,1043,919,919,863,823,905,858,839,790,756,726,671,726,753,504,411,378,400,369,378,386,396,373,361,359,509,362,345,283,329,338,349,310
Research & Development,0,0,0,0,0,0,0,0,0,0,0,0,0,0,0,0,0,0,0,0,0,0,0,0,0,0,0,0,0,0,0,0,0,0,0,0,0,0,0,0
Operating Expenses,730,1179,1058,1046,1013,1002,908,1288,1119,919,1848,823,905,858,839,790,756,726,671,726,753,504,411,378,400,369,378,386,396,373,361,359,509,362,345,283,329,338,349,310
Other Operating Expenses,-273,0,0,0,-2,0,-106,245,199,0,985,0,0,0,0,0,0,0,0,0,0,0,0,0,0,0,0,0,0,0,0,0,0,0,0,0,0,0,0,0
Operating Income,833,476,573,452,499,558,603,57,206,435,-530,376,321,400,363,275,252,290,108,244,196,174,222,199,167,223,191,156,150,172,132,105,118,120,56,95,123,138,104,105
Interest Expense / Income,157,156,159,162,170,176,191,123,122,135,99,93,88,82,81,83,85,83,83,93,84,96,66,59,56,46,48,46,44,41,48,41,63,46,29,13,14,13,10,13
Other Expense / Income,-31,-53,-39,-43,-42,-39,-35,-24,-212,-5,-9,-14,-13,-29,-42,-25,-34,-56,-13,-8,-13,-1,3,4,5,7,6,-6,5,5,4,3,-37,5,2,2,3,5,3,6
Pretax Income,708,373,453,333,371,421,446,-42,297,305,-620,297,246,347,324,217,201,264,38,159,125,78,153,136,106,170,137,116,100,126,80,61,91,70,25,79,106,119,90,86
Income Tax,141,57,78,19,9,59,172,-31,47,14,53,52,37,50,61,21,18,43,1,16,22,-17,32,24,31,-6,28,25,-142,16,13,12,22,14,-12,19,27,33,25,23
Net Income,567,315,375,313,361,362,274,-11,249,290,-673,245,208,297,264,197,183,221,37,144,103,95,120,112,75,176,109,91,242,111,67,49,69,56,37,60,79,87,65,63
Preferred Dividends,0,0,0,0,0,0,0,0,0,0,0,0,0,0,0,0,0,0,0,0,0,0,0,0,0,0,0,0,0,0,0,0,0,0,0,0,0,0,0,0
Net Income Common,567,315,375,313,361,362,274,-11,249,290,-673,245,208,297,264,197,183,221,37,144,103,95,120,112,75,176,109,91,242,111,67,49,69,56,37,60,79,87,65,63
Net Income Growth,56.98%,-12.91%,36.70%,0,44.92%,24.57%,0,0,19.60%,-2.12%,0,24.43%,14.13%,34.29%,606.09%,36.99%,77.72%,132.49%,-69.01%,27.80%,36.64%,-46.11%,10.44%,22.91%,-68.92%,59.27%,63.01%,87.24%,248.54%,99.50%,79.92%,-18.52%,-11.87%,-35.94%,-43.07%,-4.25%,5.34%,14.97%,26.54%,13.51%
Shares Outstanding (Basic),254,254,255,258,260,260,262,263,270,277,282,282,290,294,295,295,299,299,299,300,301,157,157,158,158,158,160,159,159,152,152,152,154,154,129,129,130,130,133,134
Shares Outstanding (Diluted),0,0,0,0,0,0,0,0,0,0,0,0,0,0,0,0,0,0,0,0,0,0,0,0,0,0,0,0,0,0,0,0,0,0,0,0,0,0,0,0
Shares Change,-2.26%,-2.14%,-2.56%,-1.96%,-3.70%,-6.20%,-6.96%,-6.67%,-6.81%,-5.65%,-4.63%,-4.50%,-3.07%,-1.84%,-1.30%,-1.46%,-0.40%,90.99%,90.29%,90.12%,89.97%,-0.95%,-1.48%,-1.01%,-0.58%,3.74%,4.63%,4.58%,3.54%,-0.74%,17.97%,17.69%,18.33%,17.96%,-2.75%,-3.56%,-3.99%,-4.50%,-7.46%,-6.76%
EPS (Basic),2.25,1.24,1.47,1.22,1.38,1.40,1.04,-0.04,0.90,1.06,-2.42,0.87,0.73,1.02,0.89,0.66,0.61,0.74,0.12,0.48,0.15,0.54,0.77,0.71,0.47,1.12,0.69,0.57,1.55,0.72,0.44,0.32,0.45,0.36,0.25,0.46,0.61,0.66,0.50,0.47
EPS (Diluted),2.24,1.24,1.46,1.22,1.38,1.39,1.04,-0.04,0.89,1.05,-2.42,0.87,0.73,1.01,0.89,0.66,0.61,0.74,0.12,0.48,0.14,0.54,0.77,0.71,0.48,1.11,0.68,0.57,1.54,0.71,0.44,0.32,0.45,0.36,0.25,0.46,0.60,0.66,0.50,0.46
EPS Growth,62.32%,-10.79%,40.39%,0.00%,55.06%,32.38%,0.00%,0.00%,21.92%,3.96%,0.00%,31.82%,19.67%,36.49%,641.67%,37.50%,335.71%,37.04%,-84.42%,-32.39%,-70.83%,-51.35%,13.24%,24.56%,-68.83%,56.34%,54.55%,78.13%,242.22%,97.22%,76.00%,-30.44%,-25.00%,-45.46%,-49.50%,0.00%,9.09%,20.00%,35.62%,21.05%
Free Cash Flow Per Share,1.85,6.13,2.19,1.05,1.92,0.99,1.51,1.66,2.06,0.71,1.42,1.68,2.11,2.68,1.28,1.74,2.21,1.55,1.41,1.11,-0.22,6.60,-0.39,1.11,2.45,0.64,1.02,1.51,0.44,0.30,-0.21,1.63,2.27,0.51,-2.47,1.42,-0.61,3.81,0.43,0.72
Dividend Per Share,0.25,0.25,0.25,0.25,0.25,0.25,0.25,0.25,0.25,0.25,0.25,0.25,0.25,0.25,0.20,0.20,0.20,0.20,0.20,0.20,0.20,0.01,0.01,0.01,0.01,0.01,0.01,0.01,0.01,0.01,0.01,0.01,0.01,0.01,0.01,0.01,0.01,0.01,0.01,0.01
Dividend Growth,0.00,0.00,0.00,0.00,0.00,0.00,0.00,0.00,0.00,0.00,28.21%,28.21%,28.21%,28.21%,0.00,0.00,0.00,1850.00%,1850.00%,1850.00%,1850.00%,0.00,0.00,0.00,0.00,0.00,-23.08%,0.00,0.00,0.00,30.00%,0.00,0.00,0.00,0.00,0.00,0.00,0.00,0.00,0.00
Gross Margin,62.14%,63.60%,63.47%,61.89%,62.11%,63.02%,61.59%,58.66%,58.81%,59.25%,57.81%,55.61%,55.88%,57.13%,56.20%,53.51%,52.22%,53.02%,46.55%,50.94%,47.75%,61.33%,67.68%,65.43%,64.45%,69.10%,68.25%,68.25%,51.71%,52.46%,51.24%,50.43%,50.07%,50.63%,53.73%,60.37%,62.54%,63.59%,64.02%,62.37%
Operating Margin,33.12%,18.28%,22.29%,18.69%,20.49%,22.55%,24.58%,2.48%,9.17%,19.05%,-23.23%,17.44%,14.63%,18.17%,16.96%,13.83%,13.06%,15.14%,6.43%,12.82%,9.87%,15.74%,23.71%,22.59%,18.96%,26.02%,22.89%,19.65%,14.19%,16.60%,13.70%,11.41%,9.40%,12.65%,7.52%,15.10%,17.05%,18.40%,14.66%,15.73%
Profit Margin,22.55%,12.11%,14.59%,12.95%,14.85%,14.62%,11.18%,-0.48%,11.07%,12.71%,-29.51%,11.35%,9.50%,13.47%,12.33%,9.88%,9.46%,11.52%,2.23%,7.54%,5.17%,8.59%,12.88%,12.72%,8.54%,20.56%,13.09%,11.50%,22.95%,10.66%,6.95%,5.31%,5.55%,5.83%,4.98%,9.57%,10.91%,11.57%,9.25%,9.41%
Free Cash Flow Margin,18.66%,59.96%,21.71%,11.19%,20.55%,10.38%,16.15%,19.08%,24.73%,8.62%,17.55%,21.98%,27.84%,35.73%,17.63%,25.79%,34.33%,24.17%,25.13%,17.43%,-3.27%,93.53%,-6.48%,19.77%,44.05%,11.76%,19.60%,30.29%,6.59%,4.37%,-3.34%,26.94%,27.85%,8.25%,-42.72%,29.36%,-10.90%,66.31%,8.15%,14.54%
Effective Tax Rate,19.86%,15.40%,17.20%,5.83%,2.50%,14.01%,38.58%,0.00%,15.99%,4.68%,0.00%,17.59%,15.22%,14.45%,18.75%,9.51%,8.96%,16.24%,2.19%,9.75%,17.91%,-21.20%,21.12%,17.69%,29.22%,-3.58%,20.34%,21.26%,-142.73%,12.41%,16.14%,20.15%,23.76%,20.17%,-46.86%,24.40%,25.71%,27.35%,27.80%,26.91%
EBITDA,1336,1017,1096,971,1004,1073,1117,504,835,866,-72,840,786,873,854,753,718,779,546,675,634,369,372,353,316,341,308,283,265,281,235,211,293,224,125,132,159,171,135,133
EBITDA Margin,53.10%,39.11%,42.67%,40.14%,41.27%,43.34%,45.53%,21.97%,37.06%,37.88%,-3.16%,38.98%,35.84%,39.66%,39.98%,37.85%,37.19%,40.64%,32.63%,35.48%,31.87%,33.41%,39.83%,40.00%,35.84%,39.72%,37.00%,35.65%,25.16%,27.03%,24.47%,22.99%,23.46%,23.50%,16.76%,21.02%,22.00%,22.87%,19.08%,19.95%
Depreciation & Amortization,471,489,484,477,464,476,479,423,416,426,449,450,453,444,450,453,432,433,425,424,424,195,154,158,153,124,124,122,121,114,107,109,139,109,71,39,39,39,35,34
EBIT,864,528,612,495,540,597,638,81,419,440,-521,390,334,429,405,300,286,347,121,252,209,175,218,196,162,217,185,162,144,167,128,102,154,115,54,92,120,133,100,99
EBIT Margin,34.37%,20.31%,23.82%,20.45%,22.20%,24.11%,26.01%,3.51%,18.58%,19.25%,-22.84%,18.10%,15.21%,19.48%,18.95%,15.10%,14.80%,18.08%,7.24%,13.22%,10.53%,15.79%,23.35%,22.15%,18.42%,25.26%,22.16%,20.34%,13.67%,16.09%,13.32%,11.14%,12.35%,12.10%,7.22%,14.74%,16.63%,17.70%,14.17%,14.89%
Cash & Equivalents,2538,2942,2097,2168,2089,1942,1920,2002,1998,1994,1933,2045,1979,2348,1800,2082,1946,2221,1826,1800,1678,2128,1048,1278,1211,991,1100,1006,1336,1186,1081,1262,1163,0,1045,0,988,803,651,610
Short-TermInvestments,0,0,0,0,0,0,0,0,0,0,0,0,0,0,0,0,0,0,0,0,0,0,0,0,0,0,0,0,0,0,0,0,0,0,0,0,0,0,0,0
Cash & Cash Equivalents,2538,2942,2097,2168,2089,1942,1920,2002,1998,1994,1933,2045,1979,2348,1800,2082,1946,2221,1826,1800,1678,2128,1048,1278,1211,991,1100,1006,1336,1186,1081,1262,1163,0,1045,0,988,803,651,610
Cash Growth,21.52%,51.51%,9.25%,8.29%,4.57%,-2.61%,-0.71%,-2.13%,0.92%,-15.07%,7.43%,-1.78%,1.72%,5.72%,-1.43%,15.69%,15.95%,4.38%,74.25%,40.89%,38.60%,114.78%,-4.71%,27.02%,-9.36%,-16.48%,1.75%,-20.29%,14.89%,0,3.43%,0,17.64%,0,60.55%,0,53.38%,34.81%,11.84%,-39.80%
Receivables,1082,1151,1134,1054,1120,1078,1159,1067,998,998,989,973,946,904,878,825,794,822,789,800,895,868,395,382,348,322,317,288,302,296,288,272,275,0,288,0,211,215,203,171
Inventory,0,0,0,0,0,0,0,0,0,0,0,0,0,0,0,0,0,0,0,0,0,0,0,0,0,0,0,0,0,0,0,0,0,0,0,0,0,0,0,6
Other Current Assets,2417,3808,5319,6448,4865,3761,2440,2526,3318,2461,2295,2134,1785,2540,2222,1972,1852,1926,1737,1470,1793,1997,3105,3011,1817,3102,2242,2864,2666,2068,1147,865,1678,0,1518,0,1457,1729,2436,806
Total Current Assets,6037,7901,8550,9670,8074,6780,5519,5595,6314,5453,5217,5152,4711,5792,4900,4879,4592,4969,4351,4070,4366,4993,4548,4670,3376,4414,3659,4158,4304,3550,2516,2399,3116,0,2851,0,2656,2747,3290,1593
"Property, Plant & Equipment",2278,2335,2309,2200,2190,2118,2084,2023,1839,1759,1689,1716,1688,1667,1642,1581,1579,1526,1478,1442,1383,1423,712,674,654,641,616,600,588,577,538,552,526,0,494,0,368,369,374,356
Long-Term Investments,772,757,741,731,713,692,725,0,0,0,0,0,0,0,0,0,0,0,0,0,0,0,0,0,0,0,0,0,0,0,0,0,0,0,0,0,0,0,0,0
Goodwill and Intangibles,35218,36278,36468,36525,36912,36777,37233,37439,32979,33329,33769,36086,36447,35874,36237,35553,35887,35997,36219,36477,36914,36939,8654,8751,8830,8410,7669,7811,7886,7945,6817,6857,6893,0,7094,0,2243,2290,2052,1939
Other Long-Term Assets,2585,2715,2683,2648,2682,2557,2590,3582,3677,3397,3500,2481,2434,2421,2370,2245,2143,2058,1954,1861,1817,1857,670,654,371,374,356,334,220,209,166,152,129,0,71,0,62,67,63,130
Total Long-Term Assets,40854,42085,42202,42105,42496,42144,42632,43044,38495,38485,38959,40283,40569,39962,40250,39379,39609,39581,39650,39780,40114,40219,10036,10080,9855,9425,8641,8745,8694,8731,7521,7561,7548,0,7659,0,2672,2726,2489,2425
Total Assets,46890,49986,50752,51775,50570,48925,48151,48639,44809,43939,44176,45435,45280,45754,45150,44258,44202,44550,44001,43850,44480,45212,14584,14750,13231,13839,12300,12903,12998,12282,10037,9960,10664,0,10510,0,5328,5473,5779,4018
Accounts Payable,3080,2730,2681,2631,2825,2570,2710,2515,2443,2208,2339,2550,2542,2388,2184,2097,2061,1696,1606,1637,1822,1849,1118,1161,1177,1065,1028,1039,1040,992,823,824,805,0,696,0,309,303,327,284
Deferred Revenue,0,0,0,0,0,0,0,0,0,0,0,0,0,0,0,0,0,0,0,0,0,0,0,0,0,0,0,0,0,0,0,0,0,0,0,0,0,0,0,0
Current Debt,1579,2341,2575,2675,1602,790,605,1668,1916,1599,1749,618,563,627,540,524,1186,1271,1273,446,498,581,887,775,816,779,622,555,735,581,405,455,570,0,514,0,685,357,654,509
Total Current Liabilities,6253,8529,9329,10516,8126,6223,5118,6083,6899,5677,5982,4867,4463,5034,4380,4116,4549,4415,4229,3036,3579,4283,4484,4516,3269,4267,3364,3909,3816,3124,2098,2093,2852,0,2431,0,2268,2390,3015,1243
Other Current Liabilities,1594,3458,4074,5210,3699,2862,1803,1901,2540,1870,1894,1699,1358,2019,1655,1496,1302,1448,1351,954,1259,1853,2478,2580,1276,2423,1714,2314,2041,1551,870,813,1477,0,1220,0,1273,1730,2034,449
Long-Term Debt,15165,15216,15612,15566,15692,16571,16975,16534,12289,12290,10884,11724,11415,10710,10217,9627,8466,8437,8440,9636,9090,8988,5001,5170,5015,4708,4255,4177,4559,4678,4175,4221,4261,0,4380,0,1916,1932,1678,1546
Total Long-Term Liabilities,17621,17837,18262,18273,18657,19544,20117,19672,15370,15389,14217,15173,14947,14366,13920,13299,12165,12171,12139,13293,12846,12973,5925,6091,5776,5397,4920,4855,5217,5463,4934,4991,5033,0,5202,0,2134,2166,1901,1834
Other Long-Term Liabilities,2456,2622,2650,2707,2965,2973,3142,3138,3081,3099,3334,3449,3532,3656,3703,3672,3699,3734,3699,3657,3755,3985,925,921,761,689,664,678,658,785,758,769,772,0,822,0,219,234,222,288
Total Liabilities,23874,26366,27591,28789,26783,25767,25235,25756,22269,21066,20199,20040,19410,19400,18300,17416,16715,16586,16368,16329,16425,17256,10409,10607,9044,9664,8284,8764,9033,8587,7032,7083,7885,0,7633,0,4402,4556,4916,3077
Total Debt,16744,17557,18187,18241,17294,17361,17580,18202,14206,13889,12633,12341,11978,11337,10757,10151,9652,9708,9713,10082,9589,9569,5888,5945,5831,5486,4877,4732,5295,5259,4580,4677,4831,0,4894,0,2601,2289,2333,2055
Debt Growth,-3.18%,1.13%,3.45%,0.22%,21.74%,25.00%,39.16%,47.49%,18.60%,22.50%,17.44%,21.58%,24.09%,16.79%,10.75%,0.69%,0.67%,1.45%,64.97%,69.58%,64.45%,74.42%,20.72%,25.64%,10.12%,4.32%,6.48%,1.18%,9.61%,0,-6.41%,0,85.73%,0,109.79%,0,22.01%,10.45%,27.21%,35.53%
Retained Earnings,4775,4270,4018,3707,3457,3161,2864,2655,2731,2548,2326,3069,2982,2845,2665,2501,2571,2477,2314,2335,2333,2298,2204,2112,2066,1994,1819,1739,1598,1358,1256,1193,1137,0,1016,0,918,861,795,862
Comprehensive Income,-613,-269,-392,-297,-259,-471,-378,-411,-406,-605,-371,-247,-234,-243,-173,-212,-202,-352,-459,-540,-311,-428,-340,-313,-310,-271,-244,-177,-183,-203,-243,-288,-323,0,-246,0,-245,-213,-186,-184
Shareholders Equity,22281,22811,22387,22216,22999,22442,22171,22083,22304,22661,23756,25160,25628,26147,26694,26692,27332,27746,27426,27321,27856,27775,3991,3951,3991,3974,3830,3952,3795,3531,2851,2731,2631,0,2746,0,805,787,758,825
Net Cash / Debt,-14205,-14615,-16090,-16073,-15205,-15420,-15660,-16200,-12208,-11895,-10700,-10296,-9998,-8990,-8958,-8069,-7707,-7487,-7887,-8282,-7910,-7441,-4840,-4668,-4620,-4495,-3778,-3726,-3959,-4073,-3500,-3415,-3668,0,-3849,0,-1613,-1485,-1682,-1445
Net Cash / Debt Growth,0,0,0,0,0,0,0,0,0,0,0,0,0,0,0,0,0,0,0,0,0,0,0,0,0,0,0,0,0,0,0,0,0,0,0,0,0,0,0,0
Net Cash Per Share,0,0,0,0,0,0,0,0,0,0,0,0,0,0,0,0,0,0,0,0,0,0,0,0,0,0,0,0,0,0,0,0,0,0,0,0,0,0,0,0
Working Capital,-216,-628,-779,-846,-52,558,401,-488,-585,-223,-765,285,248,758,520,763,43,553,122,1033,787,709,64,154,108,147,295,249,488,426,418,306,264,0,421,0,388,357,275,350
Book Value Per Share,87.55,89.65,87.71,86.11,88.33,86.32,84.64,83.92,82.48,81.76,84.38,89.23,88.33,89.01,90.42,90.41,91.31,92.72,91.69,91.18,92.68,177.27,25.39,25.07,25.23,25.12,24.01,24.82,23.84,23.16,18.70,17.94,17.12,0,21.25,0,6.20,6.04,5.70,6.15
Net Income,567,315,375,313,361,362,274,-11,249,290,-673,245,208,297,264,197,183,221,37,144,103,95,120,112,75,176,109,91,242,111,67,49,69,56,37,60,79,87,65,63
Depreciation & Amortization,471,489,484,477,464,476,479,423,416,426,449,450,453,444,450,453,432,433,425,424,424,195,154,158,153,124,124,122,121,114,107,109,139,109,71,39,39,39,35,34
Share-Based Compensation,30,51,43,40,36,37,47,90,41,37,47,38,35,66,43,37,44,42,35,28,34,28,16,11,13,15,15,15,8,10,12,9,10,9,10,7,7,6,6,6
Other Operating Activities,-415,871,-165,-414,-204,-448,-235,98,3,-417,745,-103,57,111,-246,-87,111,-111,27,-159,-519,784,-273,-52,204,-161,-26,57,-219,-142,-212,127,179,-55,-404,102,-184,382,-23,18
Operating Cash Flow,653,1726,737,416,657,427,565,600,710,336,568,630,753,918,510,599,769,584,524,437,42,1102,18,230,445,154,222,285,152,92,-26,294,398,118,-285,208,-59,513,83,120
Operating Cash Flow Growth,-0.61%,304.41%,30.43%,-30.56%,-7.34%,26.89%,-0.56%,-4.84%,-5.80%,-63.36%,11.35%,5.10%,-2.10%,57.06%,-2.57%,37.30%,1736.74%,-46.96%,2871.60%,90.04%,-90.59%,614.45%,-92.07%,-19.26%,192.30%,67.55%,0,-3.21%,-61.71%,-22.07%,0,41.19%,0,-76.99%,0,73.30%,0,0,0,0
Capital Expenditures,-184,-166,-179,-145,-157,-170,-169,-162,-152,-139,-168,-156,-142,-131,-133,-86,-107,-121,-104,-105,-107,-68,-78,-55,-57,-53,-59,-44,-83,-47,-6,-46,-49,-40,-34,-24,-19,-17,-25,-23
Acquisitions,849,-1,-370,-3,-125,2,424,-4047,-41,-15,-35,-5,-865,-3,-932,-11,36,-3,-7,-67,-310,-256,-3,-75,-491,-769,0,0,0,-563,0,0,-35,1,-1792,0,0,-242,-123,-9
Change in Investments,1,18,0,0,42,50,-50,0,2,31,0,0,0,0,0,0,0,0,0,0,0,0,0,0,0,0,0,0,38,0,0,0,38,0,0,0,0,0,-11,0
Other Investing Activities,7,0,0,0,-1,0,0,2,2,0,0,0,10,1,0,0,28,-1,10,2,6,16,0,14,-1,-1,0,-2,19,-14,-34,0,-1,-1,-1,0,0,0,-3,0
Investing Cash Flow,673,-149,-549,-148,-241,-118,205,-4207,-189,-123,-203,-161,-998,-134,-1065,-97,-43,-125,-101,-170,-411,-308,-82,-116,-549,-823,-59,-45,-26,-623,-40,-47,-47,-40,-1828,-24,-20,-258,-162,-33
Dividends Paid,-62,-63,-63,-64,-65,-65,-65,-66,-66,-69,-69,-70,-72,-73,-57,-58,-58,-58,-58,-58,-59,-2,-2,-2,-2,-2,-2,-2,-2,-2,-2,-2,-2,-2,-2,-1,-1,-1,-1,-1
Share Issuance / Repurchase,-645,-2,-88,-830,5,28,-208,-225,-771,-891,-585,-668,-695,-786,-269,-825,-214,6,19,-437,-88,-29,-75,-158,-12,-32,-182,2,-10,-47,-1,1,-133,-60,-52,-3,-37,-40,-136,-51
Debt Issued / Paid,-793,-695,-47,735,-270,-199,-626,3908,271,901,313,367,648,595,603,513,-82,-25,-394,418,9,381,-67,116,350,604,142,-572,30,673,-119,-159,-83,12,2374,-152,321,-46,287,-38
Other Financing Activities,-116,-18,-10,-5,12,-7,-11,-6,-5,-3,-25,-6,24,46,0,0,-597,-7,0,0,0,-29,-21,-6,0,-6,0,0,0,0,-9,0,-7,-5,5,-5,-7,-2,-24,-4
Financing Cash Flow,-1616,-779,-209,-163,-317,-243,-910,3611,-572,-62,-366,-376,-95,-218,277,-369,-952,-85,-433,-77,-139,322,-163,-49,336,565,-42,-572,19,624,-131,-160,-225,-54,2325,-161,276,-90,125,-94
Net Cash Flow,-404,852,-41,71,147,-4,-123,22,58,58,-80,57,-346,529,-262,112,-131,395,26,122,-449,1080,-230,67,220,-109,94,-330,150,105,-181,99,96,22,219,40,185,153,41,-34
Free Cash Flow,469,1560,558,271,500,257,396,437,557,197,400,474,611,787,377,513,663,463,420,332,-65,1034,-61,175,388,101,163,241,69,45,-32,248,348,79,-319,184,-79,497,58,97
Free Cash Flow Growth,-6.14%,506.89%,40.77%,-38.06%,-10.25%,30.44%,-1.01%,-7.72%,-8.76%,-74.96%,6.21%,-7.67%,-7.82%,69.77%,-10.31%,54.70%,0,-55.19%,0,90.01%,0,925.52%,0,-27.48%,458.44%,122.01%,0,-2.82%,-80.06%,-42.16%,0,34.76%,0,-84.18%,0,90.13%,0,0,0,0
Free Cash Flow Margin,18.66%,59.96%,21.71%,11.19%,20.55%,10.38%,16.15%,19.08%,24.73%,8.62%,17.55%,21.98%,27.84%,35.73%,17.63%,25.79%,34.33%,24.17%,25.13%,17.43%,-3.27%,93.53%,-6.48%,19.77%,44.05%,11.76%,19.60%,30.29%,6.59%,4.37%,-3.34%,26.94%,27.85%,8.25%,-42.72%,29.36%,-10.90%,66.31%,8.15%,14.54%
Free Cash Flow Per Share,1.85,6.13,2.19,1.05,1.92,0.99,1.51,1.66,2.06,0.71,1.42,1.68,2.11,2.68,1.28,1.74,2.21,1.55,1.41,1.11,-0.22,6.60,-0.39,1.11,2.45,0.64,1.02,1.51,0.44,0.30,-0.21,1.63,2.27,0.51,-2.47,1.42,-0.61,3.81,0.43,0.72
Market Capitalization,28519,26059,24683,34482,33069,30001,25808,27694,26856,29947,31150,38585,39223,46289,55365,59515,64483,53140,50734,43215,54868,24912,25170,21516,16316,20153,17788,17755,15952,14491,13772,12282,10668,11793,10042,8446,9202,7254,6937,6160
Market Cap Growth,-13.76%,-13.14%,-4.36%,24.51%,23.14%,0.18%,-17.15%,-28.22%,-31.53%,-35.30%,-43.74%,-35.17%,-39.17%,-12.89%,9.13%,37.72%,17.52%,113.31%,101.57%,100.85%,236.27%,23.61%,41.50%,21.19%,2.28%,39.07%,29.16%,44.56%,49.53%,22.88%,37.15%,45.41%,15.93%,62.58%,44.76%,37.12%,57.54%,46.29%,40.89%,21.78%
Enterprise Value,42724,40674,40772,50556,48275,45420,41468,43894,39064,41842,41849,48881,49221,55278,64322,67584,72190,60627,58622,51497,62779,32353,30010,26184,20936,24648,21565,21481,19911,18564,17272,15697,14336,11793,13891,8446,10815,8739,8619,7605
PE Ratio,18.16,19.10,17.49,26.31,33.53,34.32,32.14,-191.95,240.88,423.94,404.94,38.07,40.63,49.26,64.09,93.34,110.32,105.30,133.96,93.57,127.42,61.81,51.96,45.49,36.09,32.57,32.16,34.74,34.06,48.98,57.23,52.05,43.18,0.00,36.97,0.00,31.37,25.07,24.95,23.30
PS Ratio,2.82,2.60,2.49,3.53,3.43,3.17,2.78,3.04,2.99,3.36,3.53,4.44,4.60,5.60,6.94,7.93,8.69,7.10,7.61,7.29,11.17,6.55,7.08,6.23,4.85,5.69,4.78,4.61,4.01,3.47,3.37,3.10,2.91,0.00,3.47,0.00,3.24,2.57,2.50,2.25
PB Ratio,1.28,1.14,1.10,1.55,1.44,1.34,1.16,1.25,1.20,1.32,1.31,1.53,1.53,1.77,2.07,2.23,2.36,1.92,1.85,1.58,1.97,0.90,6.31,5.45,4.09,5.07,4.64,4.49,4.20,4.10,4.83,4.50,4.06,0.00,3.66,0.00,11.43,9.22,9.15,7.47
P/FCF Ratio,9.98,9.02,15.57,24.21,20.79,18.21,16.25,17.40,16.49,17.81,13.71,17.16,17.15,19.79,27.46,28.90,34.34,46.19,29.47,34.83,50.64,16.22,41.76,26.03,18.28,35.09,34.27,54.88,48.27,23.78,21.44,34.55,36.59,-87.04,35.55,12.81,16.09,7.83,19.94,41.10
P/OCF Ratio,8.07,7.37,11.03,16.69,14.71,13.04,11.68,12.51,11.97,13.09,10.86,13.72,14.10,16.55,22.47,24.03,27.86,33.49,24.11,27.04,39.44,13.88,29.73,20.47,14.75,24.78,23.68,35.30,31.13,19.12,17.57,23.41,24.31,-651.42,26.63,11.34,14.01,7.21,16.14,27.16
Debt/Equity,0.75,0.77,0.81,0.82,0.75,0.77,0.79,0.82,0.64,0.61,0.53,0.49,0.47,0.43,0.40,0.38,0.35,0.35,0.35,0.37,0.34,0.34,1.48,1.50,1.46,1.38,1.27,1.20,1.40,1.49,1.61,1.71,1.84,0.00,1.78,0.00,3.23,2.91,3.08,2.49
Quick Ratio,0.58,0.48,0.35,0.31,0.39,0.49,0.60,0.50,0.43,0.53,0.49,0.62,0.66,0.65,0.61,0.71,0.60,0.69,0.62,0.86,0.72,0.70,0.32,0.37,0.48,0.31,0.42,0.33,0.43,0.47,0.65,0.73,0.50,0.00,0.55,0.00,0.53,0.43,0.28,0.63
Current Ratio,0.97,0.93,0.92,0.92,0.99,1.09,1.08,0.92,0.92,0.96,0.87,1.06,1.06,1.15,1.12,1.19,1.01,1.13,1.03,1.34,1.22,1.17,1.01,1.03,1.03,1.03,1.09,1.06,1.13,1.14,1.20,1.15,1.09,0.00,1.17,0.00,1.17,1.15,1.09,1.28
Return on Invested Capital (ROIC),5.05%,4.43%,4.60%,4.36%,3.46%,2.71%,2.55%,0.29%,1.01%,1.28%,1.08%,3.25%,3.08%,2.98%,2.71%,2.24%,2.16%,1.95%,1.88%,2.05%,1.90%,1.79%,6.97%,6.72%,6.36%,9.19%,9.06%,8.61%,7.79%,4.95%,5.12%,4.75%,4.55%,0.00,4.52%,0.00,10.07%,11.06%,10.64%,10.95%
Dividend Yield,0.90%,1.00%,1.00%,0.70%,0.80%,0.90%,1.00%,1.00%,1.00%,0.90%,0.90%,0.70%,0.70%,0.50%,0.40%,0.40%,0.40%,0.40%,0.40%,0.30%,0.10%,0.00%,0.00%,0.00%,0.00%,0.00%,0.00%,0.00%,0.00%,0.00%,0.00%,0.00%,0.10%,0.10%,0.10%,0.10%,0.10%,0.10%,0.10%,0.10%
Payout Ratio,11.10%,20.20%,17.00%,20.50%,18.10%,17.90%,24.00%,-625.00%,27.80%,23.60%,-10.30%,28.70%,34.20%,24.50%,21.90%,29.50%,32.00%,26.40%,162.50%,40.60%,130.00%,1.90%,1.30%,1.40%,2.10%,0.90%,1.40%,1.80%,0.60%,1.40%,3.00%,3.10%,2.20%,2.80%,4.00%,2.20%,1.60%,1.50%,2.00%,2.10%
Buyback Yield,2.26%,2.14%,2.56%,1.96%,3.70%,6.19%,6.96%,6.67%,6.81%,5.65%,4.63%,4.50%,3.07%,1.84%,1.30%,1.46%,0.40%,-90.99%,-90.29%,-90.11%,-89.96%,0.95%,1.48%,1.01%,0.58%,-3.74%,-4.63%,-4.58%,-3.54%,0.74%,-17.97%,-17.69%,-18.33%,-17.96%,2.75%,3.56%,3.98%,4.50%,7.46%,6.76%
Total Return,3.16%,3.14%,3.56%,2.66%,4.50%,7.09%,7.96%,7.67%,7.81%,6.55%,5.53%,5.20%,3.77%,2.34%,1.70%,1.86%,0.80%,-90.59%,-89.89%,-89.81%,-89.86%,0.95%,1.48%,1.01%,0.58%,-3.74%,-4.63%,-4.58%,-3.54%,0.74%,-17.97%,-17.69%,-18.23%,-17.86%,2.85%,3.66%,4.08%,4.60%,7.56%,6.86%
,0.00%,0.00%,0.00%,0.00%,0.00%,0.00%,0.00%,0.00%,0.00%,0.00%,0.00%,0.00%,0.00%,0.00%,0.00%,0.00%,0.00%,0.00%,0.00%,0.00%,0.00%,0.00%,0.00%,0.00%,0.00%,0.00%,0.00%,0.00%,0.00%,0.00%,0.00%,0.00%,0.00%,0.00%,0.00%,0.00%,0.00%,0.00%,0.00%,0.00%
,0.00%,0.00%,0.00%,0.00%,0.00%,0.00%,0.00%,0.00%,0.00%,0.00%,0.00%,0.00%,0.00%,0.00%,0.00%,0.00%,0.00%,0.00%,0.00%,0.00%,0.00%,0.00%,0.00%,0.00%,0.00%,0.00%,0.00%,0.00%,0.00%,0.00%,0.00%,0.00%,0.00%,0.00%,0.00%,0.00%,0.00%,0.00%,0.00%,0.00%
,0.00%,0.00%,0.00%,0.00%,0.00%,0.00%,0.00%,0.00%,0.00%,0.00%,0.00%,0.00%,0.00%,0.00%,0.00%,0.00%,0.00%,0.00%,0.00%,0.00%,0.00%,0.00%,0.00%,0.00%,0.00%,0.00%,0.00%,0.00%,0.00%,0.00%,0.00%,0.00%,0.00%,0.00%,0.00%,0.00%,0.00%,0.00%,0.00%,0.00%
,0.00%,0.00%,0.00%,0.00%,0.00%,0.00%,0.00%,0.00%,0.00%,0.00%,0.00%,0.00%,0.00%,0.00%,0.00%,0.00%,0.00%,0.00%,0.00%,0.00%,0.00%,0.00%,0.00%,0.00%,0.00%,0.00%,0.00%,0.00%,0.00%,0.00%,0.00%,0.00%,0.00%,0.00%,0.00%,0.00%,0.00%,0.00%,0.00%,0.00%
