Date,2025/1/26,2024/10/27,2024/7/28,2024/4/28,2024/1/28,2023/10/29,2023/7/30,2023/4/30,2023/1/29,2022/10/30,2022/7/31,2022/5/1,2022/1/30,2021/10/31,2021/7/25,2021/4/25,2021/1/24,2020/10/25,2020/7/26,2020/4/26,2020/1/26,2019/10/27,2019/7/28,2019/4/28,2019/1/27,2018/10/28,2018/7/29,2018/4/29,2018/1/28,2017/10/29,2017/7/30,2017/4/30,2017/1/29,2016/10/30,2016/7/24,2016/4/24,2016/1/24,2015/10/25,2015/7/26,2015/4/26,2015/1/25
Revenue,2989,3138,2898,2887,2997,3198,2963,2978,2971,3283,3034,3097,3044,3455,2864,2607,2461,2420,2381,2422,2384,2502,2291,2345,2360,2525,2359,2331,2331,2493,2207,2187,2280,2628,2302,2300,2293,2401,2189,2279,2395
Revenue Growth,-0.27%,-1.88%,-2.19%,-3.03%,0.87%,-2.60%,-2.34%,-3.84%,-2.41%,-4.96%,5.96%,18.80%,23.70%,42.75%,20.25%,7.60%,3.22%,-3.25%,3.96%,3.32%,1.02%,-0.92%,-2.90%,0.61%,1.25%,1.29%,6.88%,6.55%,2.24%,-5.15%,-4.13%,-4.91%,-0.54%,9.46%,5.20%,0.92%,-4.28%,-5.62%,-4.22%,1.54%,6.80%
Cost of Revenue,2514,2617,2410,2384,2488,2684,2465,2486,2475,2717,2528,2543,2506,2877,2440,2130,2011,1962,1959,1945,1916,2008,1857,1876,1872,1991,1904,1838,1833,1988,1755,1700,1728,2029,1827,1774,1735,1906,1779,1820,1950
Gross Profit,475,521,488,504,509,514,498,491,496,566,506,553,539,578,423,476,450,458,422,477,468,494,433,469,488,533,455,493,498,505,452,487,552,599,475,526,558,495,409,460,445
"Selling, General & Admin",263,239,260,267,240,217,291,212,222,206,222,225,226,230,226,200,196,191,181,194,196,184,180,170,194,205,211,205,220,191,177,181,210,244,207,211,210,189,185,190,180
Research & Development,0,0,0,0,0,0,0,0,0,0,0,0,0,0,0,0,0,0,0,0,0,0,0,0,0,0,0,0,0,0,0,0,0,0,0,0,0,0,0,0,0
Operating Expenses,263,239,260,267,240,245,291,212,222,206,222,225,226,230,226,200,196,191,181,194,196,184,180,170,194,223,211,205,220,192,177,181,210,244,207,212,210,210,185,190,180
Other Operating Expenses,0,0,0,0,0,28,0,0,0,0,0,0,0,0,0,0,0,0,0,0,0,0,0,0,0,17,0,0,0,0,0,0,0,0,0,1,0,22,0,0,0
Operating Income,212,283,229,237,268,269,207,279,274,360,284,329,313,348,197,276,254,267,241,283,273,310,253,299,295,311,244,288,278,313,276,306,342,355,268,314,348,285,225,270,264
Interest Expense / Income,19,19,21,22,18,18,18,18,18,18,16,15,15,16,12,8,8,8,6,3,4,3,3,6,6,6,8,7,5,4,3,3,3,3,3,3,3,4,3,3,3
Other Expense / Income,-25,-17,-18,-29,-36,5,-19,-18,-26,-15,-22,-8,-11,-20,-19,-24,-31,-20,-24,-7,-21,-17,-11,-24,-18,-17,-23,-15,-31,-20,-5,-13,-16,-13,-9,-13,-9,-8,-7,-9,-2
Pretax Income,218,280,226,244,286,246,208,279,281,357,290,322,309,352,204,293,277,279,259,287,290,324,261,318,307,321,258,297,305,330,278,316,355,364,274,324,354,289,228,275,263
Income Tax,48,60,49,55,67,50,45,62,64,77,71,60,69,70,27,65,55,44,56,59,47,68,62,35,65,60,47,59,2,112,95,105,119,121,78,109,119,102,81,95,92
Net Income,171,220,177,189,219,196,163,217,218,280,219,262,240,282,177,228,222,234,203,228,243,256,199,282,241,261,210,237,303,218,183,211,235,244,196,215,235,187,147,180,172
Preferred Dividends,0,0,0,0,0,0,0,0,0,0,0,0,0,0,0,0,0,0,0,0,0,0,0,0,0,0,0,0,0,0,0,0,0,0,0,0,0,0,0,0,0
Net Income Common,171,220,177,189,219,196,163,217,218,280,219,262,240,282,177,228,222,234,203,228,243,256,199,282,241,261,210,237,303,218,183,211,235,244,196,215,235,187,147,180,172
Net Income Growth,-22.06%,12.38%,8.62%,-12.87%,0.53%,-29.99%,-25.69%,-16.96%,-9.12%,-0.66%,23.74%,14.79%,7.78%,20.22%,-12.90%,0.07%,-8.48%,-8.28%,1.84%,-19.37%,0.60%,-2.26%,-5.13%,18.98%,-20.35%,19.83%,15.20%,12.54%,28.90%,-10.57%,-6.72%,-2.08%,0.04%,30.29%,33.15%,19.53%,36.89%,9.32%,6.50%,28.63%,11.98%
Shares Outstanding (Basic),549,549,549,548,547,547,546,546,546,546,546,545,543,543,542,540,540,540,539,538,535,534,534,535,534,533,531,530,529,528,528,529,529,529,530,530,529,529,529,528,527
Shares Outstanding (Diluted),550,549,549,549,548,548,549,549,550,550,550,550,548,547,548,548,547,548,547,546,545,544,544,546,547,545,544,543,543,538,539,540,540,541,542,544,543,542,541,541,540
Shares Change,0.35%,0.22%,0.12%,-0.06%,-0.38%,-0.34%,-0.28%,-0.19%,0.38%,0.52%,0.38%,0.46%,0.09%,-0.14%,0.17%,0.21%,0.48%,0.78%,0.64%,0.01%,-0.42%,-0.30%,-0.02%,0.65%,0.67%,1.39%,0.92%,0.59%,0.63%,-0.60%,-0.62%,-0.76%,-0.49%,-0.11%,0.18%,0.53%,0.48%,0.40%,0.08%,0.01%,-0.06%
EPS (Basic),0.31,0.4,0.32,0.35,0.4,0.36,0.3,0.4,0.4,0.52,0.4,0.48,0.44,0.52,0.33,0.42,0.41,0.44,0.38,0.42,0.45,0.48,0.37,0.53,0.45,0.49,0.4,0.45,0.57,0.41,0.35,0.4,0.44,0.46,0.37,0.41,0.44,0.36,0.28,0.34,0.33
EPS (Diluted),0.31,0.4,0.32,0.34,0.4,0.36,0.3,0.4,0.4,0.51,0.4,0.48,0.44,0.51,0.32,0.42,0.41,0.43,0.37,0.42,0.45,0.47,0.37,0.52,0.44,0.48,0.39,0.44,0.56,0.4,0.34,0.39,0.44,0.45,0.36,0.4,0.43,0.35,0.27,0.33,0.32
EPS Growth,-22.50%,11.11%,6.67%,-15.00%,0.00%,-29.41%,-25.00%,-16.67%,-9.09%,0.00%,25.00%,14.29%,7.32%,18.61%,-13.51%,0.00%,-8.89%,-8.51%,0.00%,-19.23%,2.27%,-2.08%,-5.13%,18.18%,-21.43%,20.00%,14.71%,12.82%,27.27%,-11.11%,-5.56%,-2.50%,2.33%,28.57%,33.33%,21.21%,34.38%,9.38%,5.88%,26.92%,12.28%
Free Cash Flow Per Share,0.43,0.59,0.28,0.32,0.65,0.4,0.44,0.28,0.31,0.52,0.23,0.21,0.62,0.87,0.04,0.21,0.31,0.2,0.45,0.52,0.25,0.4,0.27,0.24,0.33,0.67,0.37,0.11,0.48,0.76,0.4,0.08,0.31,0.63,0.28,0.12,0.47,0.49,0.39,0.33,0.43
Dividend Per Share,0.29,0.28,0.28,0.28,0.28,0.28,0.28,0.28,0.28,0.26,0.26,0.26,0.26,0.25,0.25,0.25,0.25,0.23,0.23,0.23,0.23,0.21,0.21,0.21,0.21,0.19,0.19,0.19,0.19,0.17,0.17,0.17,0.17,0.15,0.15,0.15,0.15,0.13,0.13,0.13,0.13
Dividend Growth,2.84%,2.55%,2.55%,2.55%,2.55%,5.77%,5.77%,5.77%,5.77%,6.12%,6.12%,6.12%,6.12%,5.15%,5.15%,5.15%,5.15%,10.95%,10.95%,10.95%,10.95%,11.70%,11.70%,11.70%,11.70%,10.59%,10.59%,10.59%,10.59%,17.24%,17.24%,17.24%,17.24%,16.00%,16.00%,16.00%,16.00%,25.00%,25.00%,25.00%,25.00%
Gross Margin,15.90%,16.61%,16.85%,17.45%,16.98%,16.09%,16.81%,16.50%,16.69%,17.25%,16.68%,17.87%,17.70%,16.73%,14.78%,18.27%,18.29%,18.92%,17.74%,19.71%,19.65%,19.74%,18.92%,20.01%,20.69%,21.12%,19.29%,21.15%,21.37%,20.26%,20.50%,22.26%,24.22%,22.78%,20.64%,22.88%,24.34%,20.62%,18.71%,20.16%,18.56%
Operating Margin,7.10%,9.01%,7.89%,8.21%,8.95%,8.43%,6.99%,9.37%,9.22%,10.96%,9.36%,10.62%,10.27%,10.06%,6.88%,10.60%,10.31%,11.03%,10.13%,11.70%,11.45%,12.39%,11.06%,12.76%,12.49%,12.31%,10.32%,12.37%,11.94%,12.57%,12.49%,13.99%,15.00%,13.49%,11.66%,13.66%,15.18%,11.85%,10.27%,11.84%,11.04%
Profit Margin,5.71%,7.02%,6.10%,6.56%,7.30%,6.13%,5.49%,7.30%,7.33%,8.52%,7.21%,8.45%,7.87%,8.16%,6.18%,8.74%,9.03%,9.68%,8.53%,9.40%,10.19%,10.21%,8.71%,12.05%,10.23%,10.35%,8.91%,10.19%,13.00%,8.75%,8.27%,9.64%,10.31%,9.28%,8.50%,9.36%,10.25%,7.80%,6.71%,7.91%,7.17%
Free Cash Flow Margin,7.93%,10.35%,5.26%,6.12%,11.91%,6.80%,8.08%,5.19%,5.78%,8.60%,4.14%,3.71%,10.98%,13.65%,0.80%,4.24%,6.78%,4.53%,10.16%,11.54%,5.51%,8.46%,6.37%,5.58%,7.55%,14.08%,8.39%,2.46%,10.78%,16.10%,9.53%,1.99%,7.07%,12.64%,6.36%,2.84%,10.76%,10.75%,9.44%,7.59%,9.55%
Effective Tax Rate,21.80%,21.43%,21.71%,22.49%,23.39%,20.44%,21.69%,22.10%,22.59%,21.68%,24.49%,18.70%,22.41%,20.01%,13.31%,22.11%,19.75%,15.87%,21.64%,20.54%,16.27%,21.05%,23.59%,11.14%,21.33%,18.67%,18.39%,20.00%,0.64%,33.85%,34.35%,33.22%,33.69%,33.07%,28.59%,33.56%,33.61%,35.20%,35.61%,34.59%,34.79%
EBITDA,313,376,320,339,377,343,297,364,366,440,371,399,388,431,275,353,336,343,315,341,343,370,306,364,353,368,307,345,349,368,314,351,389,403,310,359,389,327,265,312,299
EBITDA Margin,10.47%,11.98%,11.06%,11.74%,12.57%,10.73%,10.01%,12.22%,12.33%,13.40%,12.22%,12.87%,12.74%,12.49%,9.60%,13.53%,13.66%,14.17%,13.22%,14.06%,14.38%,14.78%,13.35%,15.53%,14.96%,14.60%,13.01%,14.80%,14.97%,14.77%,14.22%,16.04%,17.06%,15.34%,13.45%,15.62%,16.98%,13.63%,12.09%,13.67%,12.49%
Depreciation & Amortization,75,76,73,73,73,79,71,67,67,65,65,62,64,64,59,52,51,56,50,51,49,43,41,41,40,41,41,41,39,35,33,32,31,35,33,32,32,34,33,33,33
EBIT,238,300,247,266,304,265,226,297,300,375,306,336,323,368,216,300,285,287,265,290,294,327,264,323,313,328,266,304,310,333,281,319,358,368,277,327,357,293,231,279,266
EBIT Margin,7.95%,9.55%,8.53%,9.21%,10.14%,8.27%,7.63%,9.98%,10.09%,11.42%,10.07%,10.87%,10.62%,10.65%,7.54%,11.52%,11.59%,11.85%,11.13%,11.98%,12.32%,13.06%,11.54%,13.80%,13.26%,12.98%,11.28%,13.03%,13.29%,13.38%,12.73%,14.58%,15.69%,14.00%,12.04%,14.23%,15.59%,12.19%,10.57%,12.22%,11.12%
Cash & Equivalents,840,742,537,1486,963,737,669,580,600,982,850,862,824,614,291,1485,1752,1714,1729,606,724,673,560,639,513,459,269,262,386,444,633,549,610,415,380,380,375,347,349,624,527
Short-TermInvestments,26,25,24,23,19,17,17,18,18,16,18,23,22,21,18,18,18,17,18,17,15,15,14,7,0,0,0,0,0,0,0,0,0,0,0,0,0,0,0,0,0
Cash & Cash Equivalents,866,767,562,1509,982,753,687,598,618,998,869,885,847,635,310,1502,1769,1732,1747,623,739,688,574,646,513,459,269,262,386,444,633,549,610,415,380,380,375,347,349,624,527
Cash Growth,-11.76%,1.78%,-18.15%,152.40%,59.00%,-24.55%,-20.97%,-32.44%,-27.05%,57.28%,180.45%,-41.08%,-52.14%,-63.35%,-82.27%,141.16%,139.31%,151.83%,204.20%,-3.57%,44.19%,49.77%,113.50%,146.97%,32.90%,3.38%,-57.53%,-52.35%,-36.74%,6.98%,66.85%,44.49%,62.53%,19.56%,8.71%,-39.16%,-28.82%,3.91%,-34.24%,25.05%,-17.62%
Receivables,768,818,727,732,751,817,786,762,787,868,803,795,813,896,896,722,707,702,649,536,562,574,529,537,565,600,559,551,569,618,549,525,531,591,565,548,555,606,549,579,578
Inventory,1517,1576,1650,1674,1578,1680,1738,1746,1730,1716,1679,1597,1386,1369,1427,1229,1087,1073,982,1049,1057,1042,1109,1031,994,964,1001,1011,973,921,1013,988,958,986,1034,1027,995,993,984,963,1017
Other Current Assets,115,86,59,62,56,46,44,57,60,55,53,96,48,48,56,61,39,72,31,41,36,57,35,37,29,27,25,27,20,43,22,63,21,38,31,19,21,117,121,136,124
Total Current Assets,3266,3246,2997,3977,3367,3297,3255,3163,3195,3637,3403,3374,3093,2948,2689,3514,3602,3579,3410,2249,2395,2361,2246,2251,2101,2050,1854,1851,1948,2027,2217,2126,2120,2030,2010,1975,1946,2063,2004,2302,2246
"Property, Plant & Equipment",2175,2195,2169,2163,2156,2166,2131,2119,2124,2141,2118,2124,2102,2109,2067,1897,1898,1898,1800,1750,1695,1629,1516,1495,1484,1513,1410,1354,1293,1203,1054,1044,1035,1105,1053,1049,1014,1012,1002,990,997
Long-Term Investments,710,719,680,710,728,725,743,742,702,271,278,276,286,299,304,309,305,308,299,303,291,289,279,276,278,273,276,266,262,242,248,247,244,240,257,255,254,259,246,264,256
Goodwill and Intangibles,6645,6656,6667,6678,6684,6686,6722,6725,6727,6729,6738,6750,6745,6751,6771,3682,3691,3689,3696,3707,3516,3516,3525,3527,3922,3921,3971,3983,3981,3147,2705,2707,2709,2738,2737,2522,2524,2527,2528,1780,1778
Other Long-Term Assets,608,618,600,608,578,575,575,567,535,529,604,599,600,589,501,486,462,434,396,386,393,314,388,387,371,385,383,376,375,357,283,262,258,257,331,310,303,279,312,287,282
Total Long-Term Assets,10137,10188,10116,10159,10146,10152,10172,10153,10088,9670,9737,9749,9734,9749,9644,6375,6356,6329,6191,6146,5895,5748,5709,5685,6055,6092,6041,5979,5911,4949,4291,4260,4247,4340,4378,4135,4095,4077,4087,3321,3313
Total Assets,13403,13435,13114,14135,13513,13449,13427,13316,13283,13307,13140,13122,12827,12696,12332,9889,9958,9908,9600,8395,8290,8109,7955,7936,8155,8142,7895,7830,7859,6976,6508,6386,6366,6370,6388,6110,6041,6140,6091,5623,5560
Accounts Payable,883,912,846,871,907,944,862,922,923,981,967,1009,953,948,795,716,696,777,668,628,617,703,629,636,622,720,593,566,635,643,514,463,481,559,495,467,491,562,463,452,476
Deferred Revenue,0,0,0,0,0,0,0,0,0,0,0,0,0,0,0,0,0,0,0,0,0,0,0,0,0,0,0,0,0,0,0,0,0,0,0,0,0,0,0,0,0
Current Debt,7,8,8,957,954,951,947,9,9,9,9,8,9,9,9,9,259,259,259,258,8,0,0,0,375,0,95,185,255,0,0,0,0,0,145,0,0,185,350,0,0
Total Current Liabilities,1332,1399,1310,2305,2261,2312,2321,1305,1373,1473,1420,1481,1415,1416,1251,1175,1417,1504,1427,1325,1023,1105,1073,1052,1436,1139,1097,1148,1324,1058,878,825,920,1053,1129,937,1020,1214,1245,870,937
Other Current Liabilities,442,480,455,476,400,418,512,374,442,484,444,464,453,459,448,449,463,468,501,439,397,402,444,415,439,419,409,398,433,415,364,362,439,494,489,471,529,467,432,418,461
Long-Term Debt,2850,2851,2852,2853,2357,2359,2360,3294,3293,3291,3294,3294,3309,3315,3316,1040,1043,1045,1047,57,309,250,250,250,250,625,625,625,625,250,250,250,250,250,250,250,250,250,250,250,250
Total Long-Term Liabilities,4033,4031,3927,3934,3404,3398,3388,4319,4291,4293,4354,4296,4305,4302,4287,2008,1985,1974,1902,904,1171,1078,990,982,1014,1399,1403,1390,1380,978,877,875,871,865,866,863,857,924,910,909,890
Other Long-Term Liabilities,1183,1180,1075,1082,1046,1039,1028,1024,998,1003,1059,1002,996,987,971,967,942,929,855,848,862,828,740,732,764,774,778,765,755,728,627,625,621,615,616,613,607,674,660,659,640
Total Liabilities,5365,5431,5237,6239,5664,5710,5709,5624,5664,5767,5773,5777,5721,5718,5538,3183,3402,3478,3329,2229,2194,2183,2063,2034,2450,2537,2500,2538,2703,2036,1755,1699,1791,1919,1994,1801,1877,2138,2155,1779,1827
Total Debt,2857,2859,2860,3810,3311,3309,3307,3303,3301,3299,3303,3302,3318,3324,3325,1050,1302,1304,1306,315,317,250,250,250,625,625,720,810,880,250,250,250,250,250,395,250,250,435,600,250,250
Debt Growth,-13.71%,-13.61%,-13.53%,15.33%,0.29%,0.30%,0.13%,0.04%,-0.50%,-0.74%,-0.66%,214.55%,154.89%,154.97%,154.69%,233.11%,310.35%,421.45%,422.20%,26.06%,-49.23%,-59.99%,-65.27%,-69.13%,-28.97%,149.94%,187.92%,223.91%,251.89%,0,-36.71%,0,0,-42.53%,-34.17%,0,0,74.00%,140.00%,0,0
Retained Earnings,7689,7678,7613,7591,7557,7493,7448,7435,7381,7313,7177,7101,6980,6882,6744,6699,6605,6523,6415,6337,6247,6128,5984,6004,5856,5730,5615,5504,5367,5163,5034,4975,4866,4737,4607,4513,4375,4216,4107,4026,3912
Comprehensive Income,-271,-263,-314,-262,-251,-272,-242,-245,-252,-256,-283,-221,-266,-277,-318,-326,-361,-395,-432,-448,-393,-400,-275,-278,-292,-243,-259,-236,-242,-248,-292,-299,-302,-296,-224,-226,-228,-226,-192,-200,-200
Shareholders Equity,8028,7993,7867,7886,7844,7735,7713,7687,7614,7535,7362,7339,7101,6973,6788,6701,6551,6426,6267,6162,6092,5921,5887,5897,5702,5601,5392,5287,5151,4936,4750,4683,4572,4448,4391,4306,4160,3998,3933,3841,3727
Net Cash / Debt,-1991,-2092,-2298,-2300,-2329,-2556,-2621,-2705,-2684,-2301,-2434,-2417,-2471,-2689,-3015,452,467,428,441,308,422,438,324,396,-112,-166,-451,-548,-494,194,383,299,360,165,-15,130,125,-88,-251,374,277
Net Cash / Debt Growth,0,0,0,0,0,0,0,0,0,0,0,0,0,0,0,47.00%,10.74%,-2.20%,36.13%,-22.28%,0,0,0,0,0,0,0,0,0,17.55%,0,130.14%,187.36%,0,0,-65.31%,-54.81%,0,0,50.16%,-28.92%
Net Cash Per Share,-3.62,-3.81,-4.18,-4.19,-4.25,-4.66,-4.78,-4.93,-4.88,-4.18,-4.42,-4.39,-4.51,-4.91,-5.5,0.83,0.85,0.78,0.81,0.56,0.77,0.8,0.6,0.72,-0.21,-0.3,-0.83,-1.01,-0.91,0.36,0.71,0.55,0.67,0.31,-0.03,0.24,0.23,-0.16,-0.46,0.69,0.51
Working Capital,1934,1847,1688,1672,1106,985,934,1857,1822,2164,1984,1893,1678,1532,1437,2339,2184,2075,1983,924,1372,1256,1173,1199,665,911,757,702,625,968,1339,1301,1200,977,881,1038,926,849,759,1432,1309
Book Value Per Share,14.61,14.56,14.34,14.39,14.34,14.15,14.12,14.07,13.94,13.8,13.48,13.47,13.08,12.85,12.53,12.4,12.13,11.91,11.63,11.45,11.39,11.09,11.02,11.01,10.67,10.51,10.16,9.98,9.73,9.35,8.99,8.86,8.65,8.41,8.29,8.13,7.87,7.56,7.44,7.27,7.07
Net Income,171,220,177,189,219,196,163,217,218,280,219,262,240,282,177,228,222,234,203,228,243,256,199,282,241,261,210,237,303,218,183,211,235,244,196,215,235,187,147,180,172
Depreciation & Amortization,75,76,73,73,73,79,71,67,67,65,65,62,64,64,59,52,51,56,50,51,49,43,41,41,40,41,41,41,39,35,33,32,31,35,33,32,32,34,33,33,33
Share-Based Compensation,5,3,5,11,4,3,5,11,5,4,5,10,6,4,4,8,8,3,4,6,9,3,3,6,8,3,6,4,7,2,2,5,7,41,-1,-9,-13,-7,-2,-1,3
Other Operating Activities,58,109,-37,-37,108,41,79,-86,-86,23,-103,-140,74,214,-164,-133,-75,-44,73,75,-113,49,-37,-151,-102,193,43,-143,-45,248,34,-162,-78,98,-15,-108,25,87,66,-13,39
Operating Cash Flow,309,409,218,236,404,319,317,208,204,372,186,193,384,564,77,156,206,250,330,360,188,350,207,178,187,499,300,139,304,502,251,85,195,418,213,130,279,302,245,199,247
Operating Cash Flow Growth,-23.46%,28.06%,-31.23%,13.46%,98.39%,-14.18%,70.39%,7.64%,-46.94%,-34.09%,143.11%,24.29%,86.57%,125.72%,-76.80%,-56.77%,9.17%,-28.61%,59.08%,101.99%,0.53%,-29.78%,-30.86%,28.03%,-38.38%,-0.79%,19.54%,63.14%,55.79%,20.12%,18.02%,-34.61%,-29.94%,38.64%,-13.07%,-34.53%,13.06%,-14.40%,104.90%,0,-21.57%
Capital Expenditures,-72,-84,-65,-60,-47,-102,-78,-54,-32,-90,-60,-78,-49,-93,-54,-45,-39,-140,-88,-80,-57,-138,-62,-47,-9,-143,-102,-82,-53,-101,-40,-42,-34,-86,-66,-65,-32,-44,-38,-26,-18
Acquisitions,12,24,-6,0,0,-1,0,-9,-419,-6,2,5,1,-1,-3392,-2,-1,-13,6,-280,-5,3,-3,466,7,-1,-10,1,-855,-511,-4,-5,140,4,-177,1,11,-10,-770,-10,15
Change in Investments,-1,0,-1,-5,-1,0,0,1,-1,1,6,-3,-2,-3,-1,-1,0,0,-1,-2,0,-1,-7,-7,0,0,0,0,0,0,0,0,0,0,0,0,0,0,0,0,0
Other Investing Activities,1,0,8,0,0,1,0,2,0,8,7,0,0,1,3,0,1,3,0,0,1,1,2,14,0,4,2,0,3,1,4,5,0,1,0,0,0,0,0,0,0
Investing Cash Flow,-60,-60,-64,-65,-48,-101,-77,-60,-451,-86,-46,-76,-50,-96,-3443,-48,-39,-150,-83,-363,-61,-135,-70,427,-2,-139,-110,-81,-905,-611,-40,-41,106,-81,-243,-64,-21,-54,-808,-36,-3
Dividends Paid,-155,-155,-155,-155,-150,-150,-150,-151,-142,-142,-142,-141,-133,-133,-132,-132,-126,-125,-125,-125,-112,-112,-113,-112,-100,-100,-99,-99,-90,-90,-90,-90,-77,-77,-77,-77,-66,-66,-66,-66,-53
Share Issuance / Repurchase,14,7,6,9,19,4,6,-12,3,2,3,64,11,-8,31,11,-7,10,8,16,36,12,-103,5,-29,29,11,-13,-2,7,-39,-18,-23,-40,-38,-2,4,-22,2,4,2
Debt Issued / Paid,-2,-2,-952,494,-2,-2,0,-2,-2,-2,-1,-3,-2,-2,2274,-252,-2,-2,990,-2,-2,0,0,-375,0,-95,-90,-70,630,0,0,0,0,-145,145,0,-185,-165,350,0,0
Other Financing Activities,0,0,0,6,0,0,0,0,0,0,0,0,0,0,0,0,0,0,0,0,0,0,0,0,0,0,0,0,0,0,0,0,0,-39,3,16,20,9,3,-4,1
Financing Cash Flow,-143,-150,-1101,354,-133,-149,-144,-165,-142,-142,-140,-80,-124,-143,2172,-374,-135,-118,873,-111,-78,-100,-215,-482,-129,-166,-179,-182,538,-82,-129,-107,-100,-301,33,-62,-227,-245,289,-66,-49
Net Cash Flow,99,204,-949,523,227,67,89,-19,-382,132,-11,37,211,322,-1193,-267,37,-15,1123,-118,52,113,-79,127,54,190,7,-124,-58,-189,84,-61,195,36,0,5,28,-2,-275,97,193
Free Cash Flow,237,325,153,177,357,217,239,155,172,282,126,115,334,471,23,111,167,110,242,280,131,212,146,131,178,355,198,57,251,401,210,43,161,332,146,65,247,258,207,173,229
Free Cash Flow Growth,-33.55%,49.42%,-36.26%,14.20%,107.92%,-22.97%,90.42%,34.52%,-48.69%,-40.12%,447.24%,3.94%,100.50%,329.65%,-90.51%,-60.44%,27.01%,-48.15%,65.89%,113.64%,-26.35%,-40.46%,-26.31%,128.00%,-29.03%,-11.42%,-5.98%,32.06%,55.78%,20.74%,43.68%,-33.53%,-34.60%,28.81%,-29.13%,-62.22%,7.81%,-15.95%,137.81%,0,-18.75%
Free Cash Flow Margin,7.93%,10.35%,5.26%,6.12%,11.91%,6.80%,8.08%,5.19%,5.78%,8.60%,4.14%,3.71%,10.98%,13.65%,0.80%,4.24%,6.78%,4.53%,10.16%,11.54%,5.51%,8.46%,6.37%,5.58%,7.55%,14.08%,8.39%,2.46%,10.78%,16.10%,9.53%,1.99%,7.07%,12.64%,6.36%,2.84%,10.76%,10.75%,9.44%,7.59%,9.55%
Free Cash Flow Per Share,0.43,0.59,0.28,0.32,0.65,0.4,0.44,0.28,0.31,0.52,0.23,0.21,0.62,0.87,0.04,0.21,0.31,0.2,0.45,0.52,0.25,0.4,0.27,0.24,0.33,0.67,0.37,0.11,0.48,0.76,0.4,0.08,0.31,0.63,0.28,0.12,0.47,0.49,0.39,0.33,0.43
Market Capitalization,16954,17032,17551,19344,16947,17154,22419,22102,24529,25649,26942,28552,25626,22961,25662,25057,24518,26770,27093,25066,25256,21663,22090,21395,22164,21948,19443,19312,18355,16035,18050,18554,19100,20226,19541,19957,20076,18074,15212,14484,14065
Market Cap Growth,0.04%,-0.71%,-21.71%,-12.48%,-30.91%,-33.12%,-16.79%,-22.59%,-4.28%,11.71%,4.99%,13.95%,4.52%,-14.23%,-5.28%,-0.03%,-2.92%,23.57%,22.65%,17.16%,13.95%,-1.30%,13.62%,10.79%,20.75%,36.88%,7.72%,4.08%,-3.90%,-20.72%,-7.63%,-7.03%,-4.86%,11.90%,28.46%,37.78%,42.74%,30.58%,20.75%,15.14%,18.17%
Enterprise Value,18944,19124,19849,21645,19276,19710,25040,24807,27213,27951,29377,30969,28097,25650,28677,24605,24050,26342,26652,24758,24834,21226,21766,20999,22277,22114,19894,19860,18849,15841,17667,18255,18740,20061,19557,19827,19951,18162,15463,14110,13788
PE Ratio,22.4,21.16,22.48,25.23,21.32,21.62,25.55,23.67,25.08,25.65,26.89,29.75,27.67,25.26,29.79,28.23,27.63,29.48,29.16,27.08,25.76,22.13,22.43,21.49,23.32,21.69,20.07,20.52,20.07,18.94,20.69,20.95,21.46,22.73,23.45,25.44,26.79,26.34,22.7,21.91,22.65
PS Ratio,1.42,1.43,1.47,1.61,1.4,1.42,1.84,1.8,1.98,2.06,2.13,2.29,2.14,2.02,2.48,2.54,2.53,2.79,2.8,2.61,2.65,2.28,2.32,2.23,2.32,2.3,2.04,2.06,1.99,1.75,1.94,1.97,2.01,2.12,2.1,2.17,2.19,1.95,1.62,1.52,1.49
PB Ratio,2.11,2.13,2.23,2.45,2.16,2.22,2.91,2.88,3.22,3.4,3.66,3.89,3.61,3.29,3.78,3.74,3.74,4.17,4.32,4.07,4.15,3.66,3.75,3.63,3.89,3.92,3.61,3.65,3.56,3.25,3.8,3.96,4.18,4.55,4.45,4.63,4.83,4.52,3.87,3.77,3.77
P/FCF Ratio,19.03,16.85,19.43,19.54,17.5,21.91,26.44,30.1,35.32,29.92,25.75,30.26,27.28,29.75,62.58,39.84,30.73,35.11,31.35,32.63,40.76,32.5,27.26,24.81,28.09,25.47,21.42,20.99,20.25,19.64,24.15,27.15,27.08,25.58,27.28,25.7,22.7,20.86,16.62,18.2,25.8
P/OCF Ratio,14.47,13.45,14.91,15.16,13.58,16.37,20.37,22.79,25.69,22.6,20.3,23.45,21.72,22.92,37.31,26.63,21.41,23.73,22.06,22.67,27.33,23.47,20.62,18.38,19.7,17.68,15.61,16.14,16.06,15.51,19.01,20.36,19.97,19.45,21.16,20.89,19.6,18.22,14.59,15.79,20.71
Debt/Equity,0.36,0.36,0.36,0.48,0.42,0.43,0.43,0.43,0.43,0.44,0.45,0.45,0.47,0.48,0.49,0.16,0.2,0.2,0.21,0.05,0.05,0.04,0.04,0.04,0.11,0.11,0.13,0.15,0.17,0.05,0.05,0.05,0.05,0.06,0.09,0.06,0.06,0.11,0.15,0.07,0.07
Quick Ratio,1.23,1.13,0.98,0.97,0.77,0.68,0.63,1.04,1.02,1.27,1.18,1.13,1.17,1.08,0.96,1.89,1.75,1.62,1.68,0.87,1.27,1.14,1.03,1.13,0.75,0.93,0.76,0.71,0.72,1,1.35,1.3,1.24,0.96,0.84,0.99,0.91,0.78,0.72,1.38,1.18
Current Ratio,2.45,2.32,2.29,1.73,1.49,1.43,1.4,2.42,2.33,2.47,2.4,2.28,2.19,2.08,2.15,2.99,2.54,2.38,2.39,1.7,2.34,2.14,2.09,2.14,1.46,1.8,1.69,1.61,1.47,1.92,2.53,2.58,2.3,1.93,1.78,2.11,1.91,1.7,1.61,2.65,2.4
Return on Invested Capital (ROIC),6.90%,7.28%,7.30%,6.55%,7.17%,7.30%,7.92%,8.42%,8.94%,9.29%,9.40%,9.01%,8.70%,8.43%,8.05%,10.74%,10.73%,11.22%,11.72%,13.77%,14.55%,15.16%,15.38%,15.44%,14.45%,15.40%,14.94%,14.69%,14.41%,15.80%,16.99%,17.43%,17.93%,18.49%,17.05%,16.88%,16.70%,15.29%,14.63%,16.03%,15.58%
Dividend Yield,3.70%,3.60%,3.50%,3.20%,3.60%,3.50%,2.60%,2.60%,2.40%,2.20%,2.10%,1.90%,2.10%,2.30%,2.00%,2.10%,2.10%,1.90%,1.80%,1.90%,1.80%,2.10%,2.00%,2.00%,1.90%,1.80%,2.00%,2.00%,2.00%,2.20%,1.90%,1.80%,1.70%,1.50%,1.50%,1.40%,1.40%,1.50%,1.70%,1.60%,1.60%
Payout Ratio,93.50%,70.50%,88.10%,80.60%,70.50%,76.40%,91.70%,68.80%,68.80%,50.00%,65.00%,54.20%,59.10%,47.10%,74.20%,58.30%,59.80%,53.00%,61.30%,55.50%,51.80%,43.80%,56.80%,39.60%,46.70%,38.40%,47.00%,41.80%,33.00%,41.50%,48.60%,42.50%,38.60%,31.50%,39.20%,35.40%,33.00%,34.70%,44.60%,36.80%,37.90%
Buyback Yield,-0.35%,-0.22%,-0.11%,0.06%,0.38%,0.34%,0.28%,0.19%,-0.38%,-0.52%,-0.38%,-0.46%,-0.09%,0.14%,-0.17%,-0.21%,-0.48%,-0.78%,-0.64%,-0.01%,0.42%,0.30%,0.02%,-0.65%,-0.67%,-1.39%,-0.92%,-0.59%,-0.63%,0.60%,0.62%,0.76%,0.49%,0.11%,-0.18%,-0.53%,-0.48%,-0.40%,-0.07%,-0.01%,0.06%
Total Return,3.35%,3.38%,3.39%,3.26%,3.98%,3.84%,2.88%,2.79%,2.02%,1.68%,1.72%,1.44%,2.01%,2.44%,1.83%,1.89%,1.62%,1.12%,1.16%,1.89%,2.22%,2.40%,2.02%,1.35%,1.23%,0.41%,1.08%,1.41%,1.37%,2.80%,2.52%,2.56%,2.19%,1.61%,1.32%,0.87%,0.92%,1.10%,1.63%,1.59%,1.66%
