Date,2024/12/31,2024/9/30,2024/6/30,2024/3/31,2023/12/31,2023/9/30,2023/6/30,2023/3/31,2022/12/31,2022/9/30,2022/6/30,2022/3/31,2021/12/31,2021/9/30,2021/6/30,2021/3/31,2020/12/31,2020/9/30,2020/6/30,2020/3/31,2019/12/31,2019/9/30,2019/6/30,2019/3/31,2018/12/31,2018/9/30,2018/6/30,2018/3/31,2017/12/31,2017/9/30,2017/6/30,2017/3/31,2016/12/31,2016/9/30,2016/6/30,2016/3/31,2015/12/31,2015/9/30,2015/6/30,2015/3/31
Revenue,4874,5441,5307,4216,4424,4883,4705,3666,4074,4372,4190,3356,3569,3720,3830,3018,3179,3496,3139,2641,3184,3471,3618,2804,571,4031,4358,3385,3618,3671,3908,3001,3359,3568,3688,2894,3326,3487,3600,2888
Revenue Growth,10.17%,11.43%,12.81%,15.00%,8.60%,11.69%,12.27%,9.25%,14.13%,17.53%,9.42%,11.20%,12.27%,6.42%,22.01%,14.25%,-0.14%,0.71%,-13.24%,-5.79%,457.86%,-13.89%,-16.98%,-17.16%,-84.23%,9.82%,11.50%,12.79%,7.72%,2.88%,5.97%,3.68%,0.99%,2.32%,2.44%,0.22%,2.63%,3.01%,1.62%,6.06%
Cost of Revenue,3163,3467,3372,2756,2953,3225,3120,2522,2854,2939,2867,2367,2528,2516,2559,2064,2231,2361,2161,1899,2267,2367,2463,1989,480,2718,2964,2420,2543,2490,2653,2126,2347,2413,2507,2041,2317,2379,2495,2087
Gross Profit,1711,1974,1936,1460,1471,1658,1584,1144,1220,1433,1323,989,1042,1204,1271,953,948,1135,978,743,917,1104,1155,815,91,1313,1394,964,1076,1181,1255,875,1012,1155,1182,853,1009,1108,1106,801
"Selling, General & Admin",903,950,901,826,784,794,699,687,639,693,613,601,606,621,620,600,560,568,555,588,587,568,588,578,49,726,753,721,689,675,698,660,659,643,668,628,616,632,654,630
Research & Development,0,0,0,0,0,0,0,0,0,0,0,0,0,0,0,0,0,0,0,0,0,0,0,0,0,0,0,0,0,0,0,0,0,0,0,0,0,0,0,0
Operating Expenses,923,950,901,826,876,794,699,687,662,693,613,601,605,621,620,600,556,568,555,588,615,568,588,578,49,726,753,721,689,675,698,660,659,643,668,628,616,632,654,630
Other Operating Expenses,20,0,0,0,92,0,0,0,23,0,0,0,-1,0,0,0,-4,0,0,0,28,0,0,0,0,0,0,0,0,0,0,0,0,0,0,0,0,0,0,0
Operating Income,788,1025,1034,634,595,864,885,457,557,740,711,388,437,583,651,353,392,567,424,154,302,537,567,237,41,587,640,243,387,506,558,215,353,512,513,225,393,475,452,171
Interest Expense / Income,60,63,58,58,57,58,62,58,56,56,56,56,56,58,59,61,62,62,61,63,63,64,65,51,49,49,50,73,54,54,54,54,54,55,57,57,56,56,56,55
Other Expense / Income,-12,9,16,34,-65,23,68,19,-11,31,9,11,-3,23,4,9,13,14,40,70,-104,-67,-46,-35,-337,25,14,17,36,9,7,15,36,-3,-383,-26,35,5,-14,38
Pretax Income,740,953,961,542,603,784,756,380,513,653,646,321,383,503,588,284,317,491,322,22,342,539,548,220,329,514,576,153,297,443,497,146,263,461,840,194,302,415,410,78
Income Tax,135,181,206,106,98,158,170,73,74,105,137,61,66,97,123,48,72,90,84,51,46,81,92,20,75,-1,128,33,-163,76,138,29,64,83,93,42,69,114,331,27
Net Income,604,772,755,436,504,626,586,307,439,548,509,260,318,406,465,235,245,401,239,-29,296,459,456,200,254,515,448,120,460,367,359,117,199,377,748,152,234,301,79,51
Preferred Dividends,0,0,0,0,0,0,0,0,0,0,0,0,0,0,0,0,0,0,0,0,0,0,0,0,0,0,0,0,0,0,0,0,0,0,0,0,0,0,0,0
Net Income Common,604,772,755,436,504,626,586,307,439,548,509,260,318,406,465,235,245,401,239,-29,296,459,456,200,254,515,448,120,460,367,359,117,199,377,748,152,234,301,79,51
Net Income Growth,19.83%,23.26%,28.85%,42.07%,14.85%,14.31%,15.10%,18.03%,38.17%,35.05%,9.60%,10.63%,29.87%,1.27%,94.60%,0,-17.36%,-12.69%,-47.64%,0,16.58%,-10.93%,1.79%,66.03%,-44.77%,40.35%,24.96%,2.82%,131.34%,-2.76%,-52.03%,-23.16%,-14.86%,25.42%,847.53%,197.08%,-8.61%,3.30%,-74.22%,-35.06%
Shares Outstanding (Basic),225,226,227,227,228,229,229,229,230,232,234,235,238,238,240,239,240,240,240,240,240,242,242,243,246,246,248,250,250,253,256,259,258,259,259,259,261,266,267,265
Shares Outstanding (Diluted),0,228,229,230,0,231,230,232,0,234,236,237,0,242,243,243,0,244,242,242,0,245,245,245,0,250,250,253,0,257,260,263,0,262,262,261,0,268,269,269
Shares Change,-1.11%,-1.13%,-0.70%,-0.86%,-1.19%,-1.45%,-2.29%,-2.36%,-3.05%,-3.19%,-3.16%,-2.47%,-1.08%,-0.82%,0.45%,0.33%,0.22%,-0.37%,-1.06%,-1.18%,-2.47%,-1.96%,-2.08%,-3.08%,-1.69%,-2.81%,-3.70%,-3.66%,-3.28%,-1.95%,-0.73%,0.50%,-1.04%,-2.42%,-2.90%,-2.68%,-1.67%,-1.22%,-1.75%,-4.89%
EPS (Basic),2.68,3.42,3.33,1.92,2.21,2.74,2.57,1.34,1.91,2.36,2.18,1.11,1.34,1.7,1.94,0.98,1.02,1.67,1,-0.12,1.24,1.9,1.88,0.82,1.04,2.09,1.81,0.48,1.82,1.45,1.4,0.45,0.77,1.45,2.88,0.58,0.89,1.13,0.29,0.19
EPS (Diluted),2.65,3.39,3.3,1.9,2.19,2.72,2.55,1.33,1.89,2.34,2.16,1.1,1.32,1.68,1.91,0.97,1.01,1.64,0.99,-0.12,1.22,1.88,1.86,0.82,1.03,2.06,1.79,0.48,1.81,1.43,1.38,0.45,0.76,1.44,2.86,0.58,0.88,1.12,0.29,0.19
EPS Growth,21.01%,24.63%,29.41%,42.86%,15.87%,16.24%,18.06%,20.91%,43.18%,39.29%,13.09%,13.40%,30.69%,2.44%,92.93%,0.00%,-17.21%,-12.77%,-46.77%,0.00%,18.45%,-8.74%,3.91%,70.83%,-43.09%,44.06%,29.71%,6.67%,138.16%,-0.69%,-51.75%,-22.41%,-13.64%,28.57%,886.21%,205.26%,-7.37%,4.67%,-74.11%,-32.14%
Free Cash Flow Per Share,3.46,5.38,2.75,0.72,3.78,3.67,2.04,-0.3,2.96,1.95,1.51,-1.12,1.44,1.54,1.91,0.9,2.37,3.75,0.75,-1.51,3.4,2.49,1.66,-0.42,1.98,1.75,1.35,-0.48,2.32,1.57,1.58,-0.3,1.38,2.49,1.53,-0.18,2.16,0.13,0.89,-0.67
Dividend Per Share,0.84,0.84,0.84,0.84,0.75,0.75,0.75,0.75,0.67,0.67,0.67,0.67,0.59,0.59,0.59,0.59,0.53,0.53,0.53,0.53,0.53,0.53,0.53,0.53,0.53,0.53,0.45,0.45,0.45,0.45,0.4,0.4,0.4,0.32,0.32,0.32,0.29,0.29,0.29,0.29
Dividend Growth,12.00%,12.00%,12.00%,12.00%,11.94%,11.94%,11.94%,11.94%,13.56%,13.56%,13.56%,13.56%,11.32%,11.32%,11.32%,11.32%,0,0,0,0,0,0,17.78%,17.78%,17.78%,17.78%,12.50%,12.50%,12.50%,40.63%,25.00%,25.00%,37.93%,10.35%,10.35%,10.35%,16.00%,16.00%,16.00%,16.00%
Gross Margin,35.10%,36.29%,36.47%,34.63%,33.26%,33.96%,33.68%,31.19%,29.94%,32.77%,31.58%,29.47%,29.18%,32.37%,33.18%,31.59%,29.82%,32.46%,31.17%,28.11%,28.80%,31.82%,31.92%,29.05%,15.91%,32.56%,31.98%,28.49%,29.73%,32.17%,32.12%,29.14%,30.12%,32.37%,32.04%,29.47%,30.34%,31.76%,30.71%,27.74%
Operating Margin,16.16%,18.83%,19.49%,15.04%,13.46%,17.70%,18.82%,12.46%,13.68%,16.92%,16.96%,11.57%,12.24%,15.68%,17.00%,11.71%,12.33%,16.22%,13.49%,5.85%,9.48%,15.46%,15.67%,8.44%,7.25%,14.56%,14.69%,7.19%,10.69%,13.79%,14.27%,7.17%,10.50%,14.34%,13.92%,7.79%,11.82%,13.63%,12.56%,5.93%
Profit Margin,12.40%,14.19%,14.23%,10.35%,11.40%,12.83%,12.46%,8.38%,10.78%,12.53%,12.15%,7.75%,8.90%,10.91%,12.13%,7.79%,7.70%,11.46%,7.61%,-1.11%,9.30%,13.22%,12.61%,7.13%,44.51%,12.78%,10.28%,3.56%,12.71%,10.00%,9.18%,3.90%,5.92%,10.58%,20.27%,5.27%,7.02%,8.63%,2.19%,1.78%
Free Cash Flow Margin,15.98%,22.32%,11.74%,3.88%,19.45%,17.18%,9.93%,-1.87%,16.72%,10.32%,8.41%,-7.84%,9.55%,9.85%,11.93%,7.17%,17.93%,25.78%,5.74%,-13.72%,25.59%,17.31%,11.12%,-3.62%,85.26%,10.72%,7.65%,-3.52%,16.04%,10.82%,10.34%,-2.61%,10.63%,18.06%,10.72%,-1.65%,16.92%,0.98%,6.59%,-6.13%
Effective Tax Rate,18.29%,19.00%,21.41%,19.47%,16.30%,20.09%,22.44%,19.25%,14.34%,16.04%,21.15%,19.02%,17.09%,19.26%,20.90%,17.07%,22.83%,18.33%,25.91%,233.95%,13.45%,14.93%,16.77%,9.18%,22.80%,-0.21%,22.22%,21.51%,-54.90%,17.23%,27.80%,19.68%,24.32%,18.06%,11.01%,21.57%,22.73%,27.44%,80.77%,34.40%
EBITDA,896,1111,1115,691,748,934,906,518,651,792,782,455,516,632,722,420,450,627,458,160,479,676,685,342,388,648,721,320,442,585,638,287,404,604,985,339,453,559,559,221
EBITDA Margin,18.39%,20.42%,21.01%,16.40%,16.90%,19.12%,19.25%,14.12%,15.98%,18.12%,18.65%,13.55%,14.45%,17.00%,18.84%,13.93%,14.14%,17.95%,14.59%,6.05%,15.03%,19.47%,18.93%,12.20%,67.92%,16.07%,16.54%,9.45%,12.22%,15.94%,16.33%,9.55%,12.03%,16.92%,26.70%,11.71%,13.63%,16.03%,15.52%,7.66%
Depreciation & Amortization,97,95,96,92,88,92,88,80,83,84,80,77,76,72,75,76,71,75,74,75,73,73,72,71,9,85,94,93,91,88,87,87,88,89,88,88,95,89,93,88
EBIT,800,1016,1019,600,660,842,817,438,569,708,702,377,439,560,647,344,379,553,384,85,406,603,613,271,378,563,626,226,351,497,551,200,317,515,897,251,359,471,466,133
EBIT Margin,16.40%,18.67%,19.19%,14.23%,14.92%,17.24%,17.37%,11.95%,13.96%,16.20%,16.75%,11.24%,12.31%,15.06%,16.89%,11.41%,11.92%,15.82%,12.22%,3.21%,12.74%,17.38%,16.93%,9.67%,66.29%,13.96%,14.38%,6.69%,9.69%,13.55%,14.09%,6.66%,9.42%,14.44%,24.31%,8.67%,10.78%,13.49%,12.95%,4.62%
Cash & Equivalents,1590,1470,875,850,1095,960,664,693,1221,1080,1090,1348,2159,2739,2912,2838,3290,3190,2367,2648,1279,831,876,1907,903,1023,970,1175,1549,1259,1310,1323,1715,1505,929,613,737,652,780,734
Short-TermInvestments,0,458,451,0,0,0,0,0,0,0,0,0,0,0,0,0,0,0,0,0,0,0,0,0,0,0,0,0,0,0,0,0,0,0,0,0,0,0,0,0
Cash & Cash Equivalents,1590,1928,1326,850,1095,960,664,693,1221,1080,1090,1348,2159,2739,2912,2838,3290,3190,2367,2648,1279,831,876,1907,903,1023,970,1175,1549,1259,1310,1323,1715,1505,929,613,737,652,780,734
Cash Growth,45.18%,100.79%,99.79%,22.66%,-10.26%,-11.13%,-39.13%,-48.61%,-43.47%,-60.56%,-62.57%,-52.49%,-34.37%,-14.15%,23.05%,7.19%,157.31%,283.93%,170.31%,38.81%,41.53%,-18.74%,-9.69%,62.32%,-41.69%,-18.79%,-26.00%,-11.15%,-9.64%,-16.32%,41.05%,115.78%,132.72%,130.94%,19.14%,-16.49%,-56.79%,-30.45%,-16.15%,-18.27%
Receivables,3090,3393,3433,2940,2957,3143,3200,2606,2780,2867,2758,2430,2429,2432,2532,2159,2202,2313,2316,2092,2185,2969,3108,2710,2679,2752,2947,2516,2477,2468,2597,2199,2223,2361,2498,2155,2151,2342,2463,2190
Inventory,1972,2033,2204,2383,2152,2192,2356,2344,1994,1949,1887,1872,1531,1483,1386,1373,1189,1229,1353,1464,1279,1891,1951,1984,1678,1821,1733,1779,1555,1661,1605,1600,1386,1556,1601,1613,1411,1578,1635,1613
Other Current Assets,686,745,751,715,666,433,456,432,385,402,390,380,352,338,294,252,224,242,309,357,4552,413,417,483,472,487,512,602,537,426,344,292,256,293,365,432,311,963,651,568
Total Current Assets,7338,8100,7714,6887,6870,6727,6675,6075,6379,6299,6125,6031,6471,6991,7125,6622,6906,6974,6345,6560,9294,6103,6352,7085,5732,6083,6162,6072,6119,5814,5855,5414,5579,5715,5393,4813,4609,5535,5529,5105
"Property, Plant & Equipment",2025,1907,1828,1788,1772,1684,1655,1582,1536,1432,1426,1422,1399,1337,1325,1328,1350,1314,1315,1326,1352,1779,1794,1738,1731,1673,1647,1611,1551,1529,1510,1498,1511,1549,1561,1582,1575,1580,1586,1564
Long-Term Investments,0,0,0,0,0,0,0,0,0,0,0,0,0,0,0,0,0,0,0,0,0,0,0,0,0,0,0,0,0,0,0,0,0,0,0,0,0,0,0,0
Goodwill and Intangibles,9436,9579,9409,9451,9535,9057,9136,8754,8768,8611,8739,8768,8810,8509,8562,8568,8629,8377,8348,8371,8449,10887,11090,9577,9594,9669,9706,9875,9679,9592,9530,9452,9444,9604,9630,9688,9656,9732,9781,9766
Other Long-Term Assets,1348,1319,1248,1215,1215,1436,1440,1486,1399,1397,1391,1417,1380,1366,1358,1307,1272,1275,1216,1378,1397,1538,1432,1381,858,880,863,807,824,788,879,896,864,852,847,870,877,978,991,974
Total Long-Term Assets,12809,12804,12485,12454,12522,12176,12232,11823,11702,11441,11556,11606,11589,11211,11244,11203,11251,10966,10879,11076,11199,14204,14316,12696,12183,12222,12216,12294,12054,11909,11919,11846,11818,12005,12038,12140,12108,12289,12358,12304
Total Assets,20147,20904,20199,19341,19392,18903,18907,17897,18082,17740,17681,17637,18060,18202,18369,17825,18157,17939,17224,17636,20492,20307,20668,19781,17915,18305,18378,18365,18173,17723,17774,17260,17397,17720,17431,16953,16718,17824,17887,17409
Accounts Payable,2148,2195,2180,2008,2025,2093,2177,1963,2092,2061,2000,1932,1787,1758,1833,1609,1520,1459,1368,1447,1381,1759,1890,1800,1705,1749,1832,1666,1556,1488,1599,1379,1334,1392,1500,1346,1249,1341,1471,1356
Deferred Revenue,0,0,0,0,0,0,0,0,0,0,0,0,0,0,0,0,0,0,0,0,0,0,0,0,0,0,0,0,0,0,0,0,0,0,0,0,0,0,0,0
Current Debt,452,952,952,902,802,348,550,348,1048,1050,1050,350,350,350,475,475,776,775,650,950,650,651,829,374,351,351,600,605,1107,1107,361,361,361,361,361,758,504,837,660,802
Total Current Liabilities,6069,6629,6592,6102,6054,5214,5593,4831,5687,5546,5630,4594,4752,4314,4513,4175,4339,4170,3829,4241,5239,4776,5180,4489,4316,4324,4753,4321,4828,4689,3904,3534,3590,3703,3767,3930,3648,4536,4458,3978
Other Current Liabilities,3469,3482,3460,3192,3226,2773,2866,2521,2547,2434,2580,2312,2615,2205,2204,2090,2043,1936,1811,1844,3207,2367,2461,2314,2260,2225,2321,2049,2165,2094,1943,1794,1896,1950,1906,1826,1895,2358,2327,1819
Long-Term Debt,4318,4317,4316,3979,3978,4476,4477,4482,3788,3788,3787,4493,4492,4491,4490,4496,4497,4494,4618,4625,4923,4922,4921,5227,3741,3740,3739,3746,2957,2956,3705,3711,3709,3709,3725,3715,3714,3735,3735,3742
Total Long-Term Liabilities,6591,6661,6639,6329,6321,6989,7036,7012,6290,6326,6311,7026,7034,7401,7384,7337,7391,7388,7435,7605,7941,8252,8315,8370,6534,6637,6802,6904,6138,6190,7076,7072,7089,7185,7185,7170,7190,7491,7542,7645
Other Long-Term Liabilities,2273,2343,2323,2350,2344,2512,2560,2530,2501,2538,2525,2533,2543,2910,2894,2841,2894,2894,2817,2980,3018,3330,3394,3143,2794,2898,3063,3159,3181,3234,3372,3360,3379,3477,3461,3455,3476,3757,3807,3903
Total Liabilities,12660,13289,13232,12430,12375,12203,12629,11843,11976,11871,11942,11620,11787,11715,11897,11512,11730,11558,11264,11846,13180,13028,13495,12858,10850,10961,11554,11225,10966,10878,10980,10606,10679,10889,10953,11100,10838,12027,11999,11623
Total Debt,4770,5269,5268,4881,4780,4825,5027,4830,4836,4837,4837,4843,4842,4841,4965,4972,5272,5269,5268,5575,5573,5572,5750,5601,4091,4090,4339,4351,4064,4063,4066,4072,4070,4070,4086,4473,4218,4572,4394,4544
Debt Growth,-0.20%,9.22%,4.80%,1.05%,-1.17%,-0.27%,3.94%,-0.27%,-0.12%,-0.08%,-2.59%,-2.59%,-8.16%,-8.13%,-5.75%,-10.81%,-5.40%,-5.44%,-8.38%,-0.47%,36.22%,36.23%,32.53%,28.74%,0.67%,0.68%,6.71%,6.83%,-0.15%,-0.18%,-0.49%,-8.95%,-3.50%,-10.97%,-7.02%,-1.57%,-0.16%,29.60%,23.36%,28.86%
Retained Earnings,9792,9698,9195,9104,9134,8971,8445,8202,8321,8320,8004,8099,8353,8627,8566,8452,8495,8489,8222,8128,9731,9763,9497,9298,9440,9625,9110,8904,8903,8556,8303,8048,8019,7926,7632,6967,6898,6742,6518,6516
Comprehensive Income,-864,-636,-778,-746,-671,-822,-743,-699,-766,-998,-829,-639,-638,-709,-652,-700,-632,-761,-876,-926,-1007,-1070,-939,-959,-964,-920,-905,-627,-779,-877,-994,-1170,-1291,-1033,-1054,-979,-1121,-1035,-933,-995
Shareholders Equity,7457,7592,6947,6890,6995,6682,6259,6036,6089,5858,5724,5999,6256,6475,6457,6297,6408,6367,5937,5773,7268,7238,7131,6886,7023,7308,6787,7081,7140,6776,6722,6584,6644,6764,6414,5793,5817,5738,5828,5724
Net Cash / Debt,-3180,-3342,-3942,-4031,-3685,-3865,-4363,-4137,-3616,-3757,-3746,-3495,-2683,-2102,-2053,-2134,-1982,-2079,-2901,-2927,-4295,-4742,-4874,-3694,-3188,-3068,-3369,-3176,-2515,-2804,-2756,-2750,-2356,-2565,-3157,-3860,-3481,-3920,-3615,-3810
Net Cash / Debt Growth,0,0,0,0,0,0,0,0,0,0,0,0,0,0,0,0,0,0,0,0,0,0,0,0,0,0,0,0,0,0,0,0,0,0,0,0,0,0,0,0
Net Cash Per Share,0,-14.66,-17.24,-17.56,0,-16.76,-18.95,-17.87,0,-16.06,-15.89,-14.74,0,-8.7,-8.43,-8.78,0,-8.53,-11.97,-12.08,0,-19.38,-19.9,-15.06,0,-12.3,-13.47,-12.55,0,-10.92,-10.61,-10.47,0,-9.8,-12.07,-14.77,0,-14.61,-13.42,-14.19
Working Capital,1269,1471,1122,785,816,1513,1082,1243,692,754,495,1436,1719,2678,2612,2448,2567,2803,2516,2319,4055,1327,1171,2596,1416,1759,1409,1751,1291,1125,1952,1880,1989,2011,1626,883,961,999,1071,1127
Book Value Per Share,33.14,33.62,30.66,30.3,30.74,29.23,27.39,26.32,26.44,25.26,24.48,25.57,26.34,27.18,26.92,26.3,26.69,26.48,24.74,24.1,30.33,29.95,29.45,28.4,28.59,29.66,27.42,28.28,28.58,26.75,26.22,25.38,25.72,26.1,24.75,22.33,22.28,21.61,21.87,21.57
Net Income,604,772,755,436,504,626,586,307,439,548,509,260,318,406,465,235,245,401,239,-29,296,459,456,200,254,515,448,120,460,367,359,117,199,377,748,152,234,301,79,51
Depreciation & Amortization,97,95,96,92,88,92,88,80,83,84,80,77,76,72,75,76,71,75,74,75,73,73,72,71,9,85,94,93,91,88,87,87,88,89,88,88,95,89,93,88
Share-Based Compensation,19,20,24,20,10,13,16,24,10,11,14,21,14,13,15,25,12,12,17,29,12,13,12,30,79,0,0,0,71,0,0,0,0,0,0,0,0,0,0,0
Other Operating Activities,180,415,-179,-300,332,191,-167,-403,228,-132,-181,-547,19,-80,-64,-76,300,443,-124,-402,485,115,-94,-353,168,-81,-99,-280,28,13,3,-247,119,223,-400,-248,307,-306,124,-264
Operating Cash Flow,900,1303,696,247,935,922,524,9,760,510,422,-188,427,411,491,260,627,931,205,-328,866,659,446,-53,510,520,444,-66,650,468,449,-43,405,689,436,-8,635,83,295,-125
Operating Cash Flow Growth,-3.73%,41.23%,32.81%,2808.24%,22.95%,80.77%,24.26%,0,78.02%,24.26%,-14.03%,0,-31.87%,-55.87%,139.04%,0,-27.64%,41.11%,-54.02%,0,69.75%,26.88%,0.54%,0,-21.51%,11.12%,-1.11%,0,60.49%,-32.08%,3.03%,0,-36.23%,729.64%,47.60%,0,33.60%,-77.35%,16.59%,0
Capital Expenditures,-121,-88,-73,-84,-74,-83,-57,-77,-79,-59,-69,-75,-86,-44,-34,-44,-57,-30,-25,-35,-52,-59,-44,-49,-24,-88,-111,-53,-70,-70,-45,-35,-48,-44,-41,-40,-73,-49,-58,-52
Acquisitions,-1,-174,-5,0,-353,-4,-506,0,-125,0,-110,0,-251,-5,0,-13,-180,0,-14,1,-3,-58,0,-22,-4,0,-80,-202,-97,-20,-30,-10,0,0,413,0,-10,-10,0,-942
Change in Investments,450,0,-450,0,0,0,0,0,0,0,0,0,0,0,0,0,0,0,0,0,0,0,0,0,0,0,0,0,0,0,0,0,0,0,0,0,0,0,0,0
Other Investing Activities,-5,3,-17,2,-9,-2,7,-14,-10,-8,3,-9,1,3,-15,-57,0,-1,-29,-7,-12,-10,-1466,-5,-81,12,3,-3,-1,3,1,0,0,0,0,0,0,0,0,0
Investing Cash Flow,324,-260,-545,-82,-436,-89,-556,-91,-215,-67,-175,-83,-337,-47,-48,-114,-237,-30,-68,-41,-66,-127,-1511,-76,-109,-76,-187,-258,-168,-88,-74,-45,-48,-44,373,-40,-82,-59,-58,-993
Dividends Paid,-189,-189,-190,-190,-171,-172,-171,-170,-153,-156,-155,-156,-139,-140,-141,-140,-127,-127,-127,-126,-127,-124,-132,-128,-128,-129,-110,-112,-112,-113,-102,-103,-103,-83,-80,-82,-76,-76,-78,-74
Share Issuance / Repurchase,-341,-291,-309,-294,-181,-138,8,-279,-284,-244,-296,-374,-484,-203,-224,-111,-219,36,4,-6,-214,-235,15,-244,-343,-14,-250,-250,-29,-336,-325,-250,63,0,0,-250,45,-233,0,0
Debt Issued / Paid,-1000,-1,779,200,-91,-402,381,-8,-4,0,-17,0,-433,-125,-10,-300,0,0,-311,0,0,-359,294,3033,0,-498,-29,551,0,-8,-15,0,-151,0,-405,252,-665,356,-300,622
Other Financing Activities,499,-5,-398,-103,45,196,-194,-2,2,-12,1,-5,393,-59,-7,-4,-1,-12,0,1901,-3,173,-148,-1532,-38,264,-6,-285,-69,2,17,12,110,8,12,-18,245,-173,171,-292
Financing Cash Flow,-1030,-486,-118,-387,-398,-516,23,-459,-439,-411,-467,-535,-663,-527,-383,-555,-347,-104,-435,1769,-344,-545,29,1130,-510,-378,-395,-96,-210,-456,-425,-342,-81,-75,-473,-98,-452,-126,-207,257
Net Cash Flow,120,595,25,-245,135,296,-29,-528,140,-10,-258,-811,-580,-174,74,-452,100,823,-281,1369,473,-45,-1032,1004,-119,53,-206,-374,290,-51,-12,-392,210,576,316,-124,85,-128,46,-971
Free Cash Flow,779,1214,623,163,861,839,467,-69,681,451,353,-263,341,367,457,216,570,901,180,-362,815,601,402,-102,487,432,333,-119,580,397,404,-78,357,644,395,-48,563,34,237,-177
Free Cash Flow Growth,-9.47%,44.72%,33.38%,0,26.36%,85.93%,32.47%,0,99.82%,23.14%,-22.83%,0,-40.20%,-59.32%,153.41%,0,-30.06%,49.94%,-55.17%,0,67.45%,39.13%,20.67%,0,-16.16%,8.71%,-17.54%,0,62.62%,-38.34%,2.28%,0,-36.59%,1789.44%,66.54%,0,40.49%,-89.07%,13.70%,0
Free Cash Flow Margin,15.98%,22.32%,11.74%,3.88%,19.45%,17.18%,9.93%,-1.87%,16.72%,10.32%,8.41%,-7.84%,9.55%,9.85%,11.93%,7.17%,17.93%,25.78%,5.74%,-13.72%,25.59%,17.31%,11.12%,-3.62%,85.26%,10.72%,7.65%,-3.52%,16.04%,10.82%,10.34%,-2.61%,10.63%,18.06%,10.72%,-1.65%,16.92%,0.98%,6.59%,-6.13%
Free Cash Flow Per Share,3.46,5.38,2.75,0.72,3.78,3.67,2.04,-0.3,2.96,1.95,1.51,-1.12,1.44,1.54,1.91,0.9,2.37,3.75,0.75,-1.51,3.4,2.49,1.66,-0.42,1.98,1.75,1.35,-0.48,2.32,1.57,1.58,-0.3,1.38,2.49,1.53,-0.18,2.16,0.13,0.89,-0.67
Market Capitalization,83113,87725,74454,68167,55501,46344,43617,42145,38712,33555,30371,35661,47990,41023,44037,39474,34857,29022,21285,19690,31847,29765,30548,26142,22411,25095,22250,21368,22286,22620,23398,21103,19385,17528,16395,15927,14433,13472,17847,17927
Market Cap Growth,49.75%,89.29%,70.70%,61.74%,43.37%,38.11%,43.61%,18.18%,-19.33%,-18.21%,-31.03%,-9.66%,37.68%,41.35%,106.89%,100.48%,9.45%,-2.50%,-30.32%,-24.68%,42.10%,18.61%,37.29%,22.34%,0.56%,10.95%,-4.91%,1.26%,14.96%,29.05%,42.71%,32.50%,34.31%,30.11%,-8.14%,-11.16%,-14.23%,-10.64%,5.78%,12.64%
Enterprise Value,86293,91066,78397,72198,59186,50209,47980,46282,42328,37312,34118,39156,50673,43125,46089,41608,36839,31101,24186,22616,36142,34506,35422,29836,25599,28163,25619,24544,24800,25423,26154,23853,21741,20094,19552,19787,17914,17392,21462,21737
PE Ratio,32.37,35.55,32.06,31.66,27.42,23.66,23.2,23.37,22.04,20.52,20.34,24.62,33.72,30.38,32.74,35.27,40.77,32.02,22.07,16.66,22.57,21.75,21.44,18.45,16.76,16.26,15.95,16.36,17.11,21.72,22.24,14.65,13.13,11.6,11.43,20.8,21.72,19.62,26.36,19.83
PS Ratio,4.19,4.53,3.95,3.74,3.14,2.68,2.59,2.59,2.42,2.17,2.05,2.46,3.4,2.98,3.26,3.08,2.8,2.33,1.71,1.53,2.44,2.85,2.77,2.22,1.82,1.63,1.48,1.47,1.57,1.62,1.69,1.55,1.44,1.3,1.22,1.2,1.09,1.02,1.36,1.37
PB Ratio,11.15,11.56,10.72,9.89,7.93,6.94,6.97,6.98,6.36,5.73,5.31,5.95,7.67,6.34,6.82,6.27,5.44,4.56,3.59,3.41,4.38,4.11,4.28,3.8,3.19,3.43,3.28,3.02,3.12,3.34,3.48,3.21,2.92,2.59,2.56,2.75,2.48,2.35,3.06,3.13
P/FCF Ratio,29.9,30.66,29.95,29.26,26.45,24.16,28.49,29.76,31.68,38.06,38.11,39.57,34.77,25.49,20.54,21.14,27.04,18.92,17.25,13.53,18.56,21.44,25.06,22.73,19.78,20.46,18.67,16.92,17.09,20.94,17.63,16.01,14.37,11.28,17.36,20.25,21.96,27.21,23.09,24.08
P/OCF Ratio,26.42,27.58,26.59,25.94,23.23,20.92,24.19,24.78,25.74,28.66,28.35,31.28,30.21,22.94,19.08,19.52,24.29,17.33,15.17,11.97,16.59,19.04,21.45,18.39,15.92,16.21,14.88,14.24,14.63,17.69,15.61,14.2,12.74,10,14.3,15.83,16.25,18.49,17.64,18.48
Debt/Equity,0.64,0.69,0.76,0.71,0.68,0.72,0.8,0.8,0.79,0.83,0.85,0.81,0.77,0.75,0.77,0.79,0.82,0.83,0.89,0.97,0.77,0.77,0.81,0.81,0.58,0.56,0.64,0.61,0.57,0.6,0.6,0.62,0.61,0.6,0.64,0.77,0.73,0.8,0.75,0.79
Quick Ratio,0.77,0.8,0.72,0.62,0.67,0.79,0.69,0.68,0.7,0.71,0.68,0.82,0.97,1.2,1.21,1.2,1.27,1.32,1.22,1.12,0.66,0.8,0.77,1.03,0.83,0.87,0.82,0.85,0.83,0.79,1,1,1.1,1.04,0.91,0.7,0.79,0.66,0.73,0.74
Current Ratio,1.21,1.22,1.17,1.13,1.14,1.29,1.19,1.26,1.12,1.14,1.09,1.31,1.36,1.62,1.58,1.59,1.59,1.67,1.66,1.55,1.77,1.28,1.23,1.58,1.33,1.41,1.3,1.41,1.27,1.24,1.5,1.53,1.55,1.54,1.43,1.23,1.26,1.22,1.24,1.28
Return on Invested Capital (ROIC),22.87%,20.62%,20.56%,20.27%,19.06%,19.32%,19.08%,18.66%,18.06%,17.37%,16.17%,15.33%,14.79%,13.98%,13.77%,12.18%,7.47%,7.14%,7.36%,8.66%,10.94%,9.17%,10.15%,10.68%,11.78%,16.46%,15.34%,14.10%,14.22%,11.64%,11.69%,12.35%,12.32%,12.52%,12.21%,8.89%,8.45%,7.90%,7.85%,10.34%
Dividend Yield,0.90%,0.80%,1.00%,1.00%,1.20%,1.40%,1.50%,1.50%,1.60%,1.80%,1.90%,1.60%,1.20%,1.30%,1.20%,1.30%,1.50%,1.70%,2.40%,2.60%,1.60%,1.70%,1.70%,1.90%,2.10%,1.80%,2.00%,2.00%,1.90%,1.90%,1.70%,1.80%,1.80%,1.80%,1.90%,1.90%,2.10%,2.20%,1.60%,1.50%
Payout Ratio,31.30%,24.60%,25.20%,43.80%,33.90%,27.40%,29.20%,56.00%,35.10%,28.40%,30.70%,60.40%,44.00%,34.70%,30.40%,60.20%,52.00%,31.70%,53.00%,-441.70%,42.70%,27.90%,28.20%,64.60%,51.00%,25.40%,24.90%,93.80%,24.70%,31.00%,28.60%,88.90%,51.90%,22.10%,11.10%,55.20%,32.60%,25.70%,100.00%,152.60%
Buyback Yield,1.11%,1.13%,0.69%,0.86%,1.19%,1.45%,2.29%,2.36%,3.04%,3.19%,3.16%,2.47%,1.08%,0.82%,-0.45%,-0.33%,-0.22%,0.37%,1.06%,1.18%,2.47%,1.96%,2.08%,3.08%,1.69%,2.80%,3.70%,3.66%,3.28%,1.95%,0.73%,-0.50%,1.04%,2.42%,2.90%,2.68%,1.67%,1.22%,1.75%,4.89%
Total Return,2.01%,1.93%,1.69%,1.86%,2.39%,2.85%,3.79%,3.86%,4.64%,4.99%,5.06%,4.07%,2.28%,2.12%,0.75%,0.97%,1.28%,2.07%,3.46%,3.78%,4.07%,3.66%,3.78%,4.98%,3.79%,4.60%,5.70%,5.66%,5.18%,3.85%,2.43%,1.30%,2.84%,4.22%,4.80%,4.58%,3.77%,3.42%,3.35%,6.39%
